order_id,date,time,order_type,branch_code,order_items,order_price,customer_lat,customer_lon,customerHasloyalty?,distance_to_customer_KM,delivery_fee
ORDI08993,2021-12-12,19:29:34,Dinner,NS,"[('Salmon', 1), ('Shrimp', 10)]",581.0,-37.8102326,144.9612406,0,7.654,15.809812
ORDB02928,2021-01-15,08:20:16,Breakfast,TP,"[('Cereal', 4), ('Steak', 1), ('Eggs', 9), ('Coffee', 10)]",346.25,-37.8138551,144.9423532,1,9.927,6.1808283
ORDB10036,2021-07-21,14:35:29,Lunch,TP,"[('Burger', 4), ('Chicken', 5), ('Fries', 7), ('Salad', 4)]",436.8,-37.8167163,145.0071935,0,11.431,14.1724427
ORDX07531,2021-12-29,20:00:00,Dinner,BK,"[('Pasta', 6), ('Fish&Chips', 3), ('Salmon', 2), ('Shrimp', 8)]",784.0,-37.8082508,144.9786966,0,6.051,13.1294673
ORDB01921,2021-10-24,17:48:10,Dinner,TP,"[('Salmon', 1), ('Shrimp', 1)]",95.0,-37.8160136,144.9919545,0,10.036,15.2450807
ORDJ02478,2021-11-29,18:59:09,Dinner,TP,"[('Pasta', 9), ('Salmon', 5), ('Shrimp', 6)]",776.5,-37.8068734,144.9453665,0,10.099,14.2222503
ORDX07701,2021-12-05,19:09:17,Dinner,BK,"[('Pasta', 2), ('Shrimp', 3), ('Fish&Chips', 1), ('Salmon', 4)]",416.0,-37.8190884,144.9543375,0,8.677,18.2966638
ORDI02716,2021-05-29,12:54:05,Lunch,NS,"[('Salad', 1), ('Burger', 6)]",203.2,-37.8203302,144.9656391,0,8.899,16.3873574
ORDB04723,2021-07-17,14:25:21,Lunch,TP,"[('Salad', 4), ('Steak', 6), ('Fries', 7), ('Chicken', 8), ('Burger', 5)]",833.8,-37.8126097,144.9776157,0,8.898,13.660663
ORDB05131,2021-03-22,10:32:06,Breakfast,TP,"[('Eggs', 7), ('Coffee', 4)]",169.0,-37.8055668,144.9449396,0,10.077,12.5006787
ORDJ05111,2021-04-17,11:32:57,Breakfast,TP,"[('Eggs', 5), ('Cereal', 7), ('Pancake', 9)]",445.25,-37.8236954,144.9883608,0,9.407,13.2995703
ORDZ08429,2021-11-15,18:28:43,Dinner,NS,"[('Shrimp', 8), ('Salmon', 3)]",555.0,-37.8215769,145.0022939,0,10.565,16.77764
ORDJ07093,2021-01-05,08:00:00,Breakfast,TP,"[('Pancake', 6), ('Cereal', 9), ('Eggs', 9), ('Coffee', 10)]",557.5,-37.7937749,144.9584623,1,10.403,6.9076215
ORDC00341,2021-03-27,10:42:15,Breakfast,NS,"[('Cereal', 5), ('Pancake', 4)]",189.0,-37.8122487,145.0003405,0,9.633,16.5273178
ORDJ01245,2021-07-08,14:15:12,Lunch,TP,"[('Fries', 10), ('Chicken', 9), ('Salad', 9), ('Burger', 9)]",841.8,-37.813296,144.9386894,0,10.768,14.0430707
ORDY10949,2021-04-20,11:32:57,Breakfast,TP,"[('Coffee', 6), ('Pancake', 10), ('Eggs', 9)]",444.5,-37.823887,144.9752552,0,8.374,11.1628134
ORDA03504,2021-06-17,13:34:38,Lunch,BK,"[('Salad', 1), ('Fries', 3), ('Steak', 5), ('Chicken', 6), ('Burger', 5)]",625.2,-37.8049627,144.9735331,0,6.827,12.3902155
ORDX05248,2021-01-13,08:20:16,Breakfast,BK,"[('Eggs', 6), ('Cereal', 10)]",326.0,-37.7995729,144.9374431,1,9.944,7.7562853
ORDJ06107,2021-05-08,12:13:31,Lunch,TP,"[('Fries', 9), ('Chicken', 5), ('Steak', 2)]",358.0,-37.8248449,144.9535086,0,8.422,13.1884102
ORDY02044,2021-08-26,15:46:28,Lunch,TP,"[('Steak', 4), ('Chicken', 3), ('Salad', 1), ('Fries', 5), ('Burger', 5)]",508.2,-37.8163238,145.0142347,0,12.403,14.7593152
ORDJ04768,2021-09-04,16:06:45,Dinner,TP,"[('Pasta', 3), ('Fish&Chips', 4), ('Salmon', 10)]",632.5,-37.8206992,144.9548043,0,8.224,13.3524471
ORDJ04040,2021-02-18,09:31:16,Breakfast,TP,"[('Coffee', 3), ('Cereal', 8), ('Pancake', 7), ('Eggs', 9)]",521.25,-37.8222588,144.946977,0,8.915,11.3784651
ORDZ04585,2021-08-25,15:46:28,Lunch,NS,"[('Burger', 5), ('Chicken', 3), ('Steak', 7), ('Fries', 10)]",686.0,-37.8264286,144.9977698,0,10.463,15.9760112
ORDX05402,2021-04-17,11:32:57,Breakfast,BK,"[('Coffee', 6), ('Cereal', 7)]",173.0,-37.8161066,144.972531,0,6.955,14.325537
ORDY00523,2021-02-12,09:21:07,Breakfast,TP,"[('Coffee', 6), ('Eggs', 7)]",234.75,-37.8218347,145.0032785,0,10.855,12.9448864
ORDJ02562,2021-04-19,11:32:57,Breakfast,TP,"[('Cereal', 3), ('Pancake', 4)]",149.0,-37.8233262,144.9720465,0,8.235,11.1180317
ORDX00672,2021-07-10,14:15:12,Lunch,BK,"[('Fries', 6), ('Steak', 10)]",526.0,-37.8218412,144.96271,0,8.239,16.9736675
ORDY00707,2021-01-08,08:10:08,Breakfast,TP,"[('Coffee', 6), ('Eggs', 5)]",138.0,-37.8023724,144.9595655,1,9.45,6.3011616
ORDX08976,2021-01-15,08:20:16,Breakfast,BK,"[('Pancake', 6), ('Cereal', 2), ('Eggs', 10), ('Coffee', 10)]",438.5,-37.814308,144.9431697,1,9.412,7.2775999
ORDI04222,2021-07-18,14:35:29,Lunch,NS,"[('Salad', 4), ('Chicken', 7), ('Steak', 8)]",652.8,-37.8188895,145.0081516,0,10.871,18.2198981
ORDI10678,2021-08-28,15:56:37,Lunch,NS,"[('Steak', 3), ('Fries', 1)]",147.0,-37.8129131,144.9526887,0,8.467,15.9811547
ORDY00113,2021-06-11,13:14:21,Lunch,TP,"[('Steak', 7), ('Burger', 8), ('Chicken', 1), ('Salad', 5), ('Fries', 6)]",753.0,144.9829978,-37.8244595,0,8.891,12.1829016
ORDJ05370,2021-12-25,19:49:51,Dinner,TP,"[('Fish&Chips', 4), ('Pasta', 10), ('Shrimp', 7)]",793.0,-37.818828,144.9622987,0,7.773,13.0307239
ORDB10060,2021-07-06,14:05:04,Lunch,TP,"[('Salad', 1), ('Burger', 6), ('Steak', 7)]",518.2,-37.8121658,144.942053,0,9.938,13.7089681
ORDI09377,2021-09-29,16:57:27,Dinner,NS,"[('Fish&Chips', 1), ('Shrimp', 8), ('Salmon', 9)]",836.0,-37.8071253,144.9486282,0,8.66,14.4259716
ORDB03668,2021-08-25,15:46:28,Lunch,TP,"[('Chicken', 3), ('Steak', 9), ('Fries', 2)]",525.0,-37.8251917,144.9668485,0,8.006,11.7792919
ORDC09013,2021-05-18,12:33:48,Lunch,NS,"[('Chicken', 4), ('Burger', 4)]",252.0,-37.8207529,144.9668327,0,10.206,14.9169344
ORDY08415,2021-09-24,16:47:19,Dinner,TP,"[('Salmon', 4), ('Pasta', 4)]",274.0,-37.8211152,144.9577686,0,7.94,12.6781004
ORDK05803,2021-01-27,08:50:42,Breakfast,BK,"[('Eggs', 3), ('Cereal', 7), ('Pancake', 5)]",314.25,-37.8192266,145.0147424,0,4.37,8.8630448
ORDA01318,2021-12-16,19:29:34,Dinner,BK,"[('Salmon', 2), ('Pasta', 5)]",219.5,-37.8099546,144.9697511,0,6.941,13.8657977
ORDK07611,2021-02-17,09:31:16,Breakfast,BK,"[('Coffee', 6), ('Cereal', 3), ('Eggs', 6), ('Pancake', 5)]",144.0,-37.8230736,144.976676,0,7.296,12.7751901
ORDA01087,2021-03-31,10:52:23,Breakfast,BK,"[('Coffee', 10), ('Cereal', 9), ('Pancake', 6)]",368.5,-37.8199364,144.9717874,0,7.905,12.9863332
ORDX01695,2021-09-08,16:16:54,Dinner,BK,"[('Pasta', 8), ('Salmon', 7)]",507.0,-37.8015275,144.9581491,0,10.565,15.3208209
ORDX00485,2021-09-12,16:27:02,Dinner,BK,"[('Pasta', 4), ('Shrimp', 1), ('Salmon', 4)]",328.0,-37.8080366,144.9689175,0,6.902,16.0262699
ORDC08651,2021-11-27,18:59:09,Dinner,NS,"[('Salmon', 9), ('Shrimp', 5)]",639.0,-37.8106779,145.0119578,0,10.795,18.7070672
ORDJ06205,2021-12-24,19:49:51,Dinner,TP,"[('Salmon', 4), ('Pasta', 2)]",219.0,-37.8158761,144.9612007,0,8.111,12.1553346
ORDJ08310,2021-12-06,19:19:26,Dinner,TP,"[('Fish&Chips', 7), ('Pasta', 9), ('Shrimp', 8), ('Salmon', 9)]",693.0,-37.8132911,144.9583563,0,8.52,12.7210327
ORDX09762,2021-11-05,18:08:27,Dinner,BK,"[('Pasta', 3), ('Shrimp', 6), ('Salmon', 8)]",734.5,-37.8188204,144.9531788,0,8.815,15.2401255
ORDZ02871,2021-05-03,12:03:22,Lunch,NS,"[('Chicken', 2), ('Burger', 4), ('Fries', 5)]",248.0,-37.8121065,144.9738372,0,7.626,12.9375782
ORDX07677,2021-12-21,19:39:43,Dinner,BK,"[('Salmon', 6), ('Pasta', 1)]",273.5,-37.8102544,144.9611654,0,7.642,14.2692542
ORDZ05073,2021-10-02,17:07:36,Dinner,NS,"[('Pasta', 7), ('Salmon', 9)]",561.5,-37.8094828,144.9488175,0,8.792,16.2679925
ORDX03388,2021-02-04,09:00:50,Breakfast,BK,"[('Coffee', 7), ('Eggs', 6)]",164.5,-37.7995883,144.9581747,0,8.646,13.7696893
ORDK01569,2021-01-16,08:30:25,Breakfast,BK,"[('Pancake', 6), ('Coffee', 7)]",172.0,-37.8168653,144.9656426,1,7.593,7.3688195
ORDC07946,2021-10-20,17:38:01,Dinner,NS,"[('Fish&Chips', 6), ('Salmon', 3)]",333.0,-37.8092956,144.9863171,0,8.22,14.6108842
ORDB10745,2021-10-02,17:07:36,Dinner,TP,"[('Pasta', 1), ('Fish&Chips', 1), ('Salmon', 9)]",431.5,-37.8095814,144.9460585,0,9.826,15.7252227
ORDC00121,2021-08-31,15:56:37,Lunch,NS,"[('Burger', 9), ('Salad', 8)]",416.6,-37.800036,144.9633442,0,6.765,12.640692
ORDI10335,2021-09-01,15:56:37,Lunch,NS,"[('Steak', 8), ('Fries', 10), ('Burger', 2)]",542.0,-37.8135027,144.9656729,0,7.843,13.8854108
ORDZ06256,2021-05-06,12:03:22,Lunch,NS,"[('Fries', 1), ('Burger', 7)]",229.0,-37.8094457,144.9727357,0,7.258,13.2678309
ORDB10780,2021-04-23,11:43:05,Breakfast,TP,"[('Coffee', 5), ('Pancake', 4), ('Cereal', 3)]",176.5,-37.8143184,144.9493829,0,9.753,11.9660625
ORDI07075,2021-10-02,17:07:36,Dinner,NS,"[('Fish&Chips', 4), ('Shrimp', 2), ('Salmon', 2)]",330.0,-37.8088295,144.9465447,0,8.917,17.0722379
ORDZ03265,2021-02-13,09:21:07,Breakfast,NS,"[('Pancake', 1), ('Cereal', 8)]",182.25,-37.8232007,144.969604,0,9.026,16.2616058
ORDX00183,2021-09-08,16:16:54,Dinner,BK,"[('Pasta', 10), ('Fish&Chips', 9), ('Shrimp', 2), ('Salmon', 3)]",821.0,-37.8050485,144.9530213,0,8.51,15.630814
ORDJ06916,2021-06-17,13:24:30,Lunch,TP,"[('Steak', 5), ('Burger', 3), ('Salad', 4), ('Fries', 5)]",446.8,-37.8079659,144.9733709,0,9.242,12.3162399
ORDX07202,2021-03-15,10:21:58,Breakfast,BK,"[('Coffee', 5), ('Pancake', 9), ('Cereal', 6)]",347.75,-37.8003498,144.9796436,0,6.826,12.0338013
ORDY00614,2021-12-19,19:39:43,Dinner,TP,"[('Shrimp', 5), ('Salmon', 5), ('Pasta', 9), ('Fish&Chips', 1)]",757.5,-37.8151573,144.959592,0,8.316,13.9229188
ORDA08590,2021-10-03,17:07:36,Dinner,BK,"[('Fish&Chips', 2), ('Salmon', 6), ('Shrimp', 6)]",640.0,-37.80347,144.9467147,0,9.054,18.1462127
ORDX08001,2021-03-27,10:42:15,Breakfast,BK,"[('Cereal', 5), ('Eggs', 10), ('Pancake', 1), ('Coffee', 8)]",376.25,-37.8234936,144.9948725,0,5.772,13.0522997
ORDB03474,2021-05-29,12:54:05,Lunch,TP,"[('Chicken', 3), ('Steak', 1), ('Burger', 9)]",420.0,-37.8210302,144.9671486,0,7.549,12.7595807
ORDB03953,2021-01-16,08:30:25,Breakfast,TP,"[('Cereal', 3), ('Pancake', 2), ('Coffee', 6)]",137.5,-37.7995241,144.9441671,1,10.725,7.4766102
ORDA04610,2021-05-18,12:33:48,Lunch,BK,"[('Burger', 2), ('Chicken', 3), ('Salad', 2)]",192.4,-37.819508,144.958246,0,8.369,14.4690513
ORDJ04321,2021-10-15,17:27:53,Dinner,TP,"[('Salmon', 8), ('Pasta', 9)]",575.5,-37.8176815,144.9513685,0,9.042,13.3653565
ORDA09016,2021-10-12,17:27:53,Lunch,BK,"[('Fish&Chips', 9), ('Salmon', 5)]",520.0,-37.8070757,144.9371993,0,10.392,17.2169752
ORDX07530,2021-11-25,18:49:00,Dinner,BK,"[('Fish&Chips', 7), ('Salmon', 4), ('Pasta', 1), ('Shrimp', 4)]",652.5,-37.8231285,144.9804287,0,6.977,13.8204544
ORDB08804,2021-06-16,13:24:30,Lunch,TP,"[('Salad', 1), ('Fries', 3), ('Burger', 7)]",270.2,-37.8076777,144.9732605,0,9.269,12.2900375
ORDA02820,2021-06-29,13:54:55,Lunch,BK,"[('Fries', 9), ('Burger', 8), ('Salad', 5)]",442.0,-37.8206787,144.9486413,0,9.215,14.9001357
ORDJ08605,2021-03-04,10:01:41,Breakfast,TP,"[('Cereal', 3), ('Coffee', 6), ('Pancake', 2), ('Eggs', 6)]",263.5,-37.8105489,144.9358484,0,10.581,12.9773457
ORDY01625,2021-01-13,08:20:16,Breakfast,TP,"[('Eggs', 1), ('Pancake', 6), ('Cereal', 3), ('Coffee', 2)]",225.5,-37.8128634,144.9563551,1,8.578,5.4687447
ORDC01350,2021-05-15,12:23:39,Lunch,NS,"[('Chicken', 7), ('Burger', 4), ('Steak', 3), ('Salad', 5)]",569.0,-37.818639,144.9678869,0,8.44,15.552269
ORDY10590,2021-12-04,19:09:17,Dinner,TP,"[('Fish&Chips', 8), ('Pasta', 10), ('Shrimp', 3)]",717.0,-37.8175633,144.9590139,1,7.958,14.4003452
ORDZ07943,2021-03-25,10:42:15,Breakfast,NS,"[('Pancake', 5), ('Cereal', 5)]",211.25,-37.8209637,144.9660261,0,8.916,13.9898663
ORDX01855,2021-07-13,14:25:21,Lunch,BK,"[('Chicken', 4), ('Salad', 3), ('Steak', 10)]",629.6,-37.8101921,144.9970966,0,4.389,10.4416762
ORDY01923,2021-04-25,11:43:05,Breakfast,TP,"[('Pancake', 6), ('Cereal', 9), ('Coffee', 2)]",324.5,-37.8027958,144.9364287,0,10.9,14.4711123
ORDI05068,2021-02-22,09:41:24,Breakfast,NS,"[('Eggs', 3), ('Cereal', 2), ('Pancake', 4), ('Coffee', 3)]",208.5,-37.7990794,145.0012005,0,9.174,13.8082806
ORDZ05535,2021-10-31,17:58:18,Dinner,NS,"[('Salmon', 2), ('Pasta', 5), ('Fish&Chips', 2), ('Shrimp', 8)]",721.5,-37.8197891,144.9613321,0,8.902,17.3455749
ORDB02992,2021-12-30,20:00:00,Dinner,TP,"[('Fish&Chips', 1), ('Pasta', 1)]",62.5,-37.8242602,144.9700627,0,8.09,12.0732938
ORDB10120,2021-06-06,13:04:13,Lunch,TP,"[('Steak', 7), ('Fries', 3), ('Burger', 7), ('Salad', 4), ('Chicken', 3)]",732.8,-37.8072192,144.9570557,0,9.219,14.5545756
ORDY08119,2021-08-07,15:16:03,Lunch,TP,"[('Salad', 1), ('Steak', 5), ('Fries', 4), ('Chicken', 5), ('Burger', 6)]",636.2,-37.8063476,144.9596346,0,8.959,13.3542021
ORDZ10239,2021-06-03,13:04:13,Lunch,NS,"[('Fries', 1), ('Chicken', 5)]",172.0,-37.8130425,144.9363041,0,10.409,16.3908407
ORDX09541,2021-06-21,13:34:38,Lunch,BK,"[('Salad', 3), ('Fries', 5), ('Steak', 10), ('Chicken', 4), ('Burger', 9)]",968.6,-37.8058648,144.9559691,0,8.064,13.3140702
ORDZ09382,2021-03-11,10:11:49,Breakfast,NS,"[('Pancake', 8), ('Eggs', 8), ('Coffee', 5), ('Cereal', 1)]",393.5,-37.8123327,144.9914685,0,9.002,13.9855812
ORDY04017,2021-07-12,14:15:12,Lunch,TP,"[('Salad', 10), ('Fries', 1), ('Steak', 1), ('Chicken', 3)]",325.0,-37.8144773,144.965637,0,8.262,11.0691423
ORDJ07952,2021-06-15,13:24:30,Lunch,TP,"[('Salad', 5), ('Steak', 8), ('Chicken', 9), ('Fries', 8), ('Burger', 8)]",1078.0,-37.8051966,144.947812,0,9.793,12.7737255
ORDZ07694,2021-11-15,18:28:43,Dinner,NS,"[('Fish&Chips', 3), ('Shrimp', 9), ('Salmon', 2), ('Pasta', 2)]",728.0,-37.8240439,144.999828,0,10.644,16.355408
ORDA10189,2021-07-11,14:15:12,Lunch,BK,"[('Chicken', 7), ('Steak', 7), ('Burger', 6), ('Salad', 5)]",811.0,-37.8187,144.9531457,0,8.826,17.4298981
ORDC00259,2021-01-09,08:10:08,Breakfast,NS,"[('Coffee', 6), ('Cereal', 9)]",213.0,-37.8211379,144.9831168,1,9.231,8.6953836
ORDC09770,2021-09-17,16:37:10,Dinner,NS,"[('Salmon', 1), ('Pasta', 6), ('Fish&Chips', 6), ('Shrimp', 5)]",686.0,-37.8030788,144.9984441,0,8.734,14.9661842
ORDC08766,2021-11-04,18:08:27,Dinner,NS,"[('Pasta', 6), ('Salmon', 2)]",247.0,-37.8187788,144.9535299,0,9.212,16.0687706
ORDX02979,2021-04-01,10:52:23,Breakfast,BK,"[('Pancake', 3), ('Coffee', 2), ('Cereal', 7), ('Eggs', 3)]",280.75,-37.8078471,144.9744618,0,6.425,10.5308798
ORDX07893,2021-09-22,16:47:19,Dinner,BK,"[('Shrimp', 8), ('Fish&Chips', 5), ('Salmon', 4)]",771.0,-37.8134464,144.9897247,0,5.375,12.0760733
ORDK00632,2021-09-01,15:56:37,Lunch,BK,"[('Steak', 1), ('Burger', 7), ('Salad', 2)]",296.4,-37.8134953,144.9656479,0,7.492,13.1420055
ORDA00029,2021-11-02,18:08:27,Dinner,BK,"[('Shrimp', 10), ('Salmon', 2), ('Fish&Chips', 1), ('Pasta', 6)]",822.0,-37.8065207,144.944874,0,9.194,16.1116794
ORDK08375,2021-02-13,09:21:07,Breakfast,BK,"[('Cereal', 9), ('Eggs', 8), ('Coffee', 8), ('Pancake', 7)]",547.75,-37.8085456,144.9712456,0,6.764,14.7655184
ORDB01131,2021-10-21,17:38:01,Dinner,TP,"[('Shrimp', 8), ('Salmon', 6), ('Pasta', 3)]",760.5,-37.8121374,144.9745318,0,8.763,13.386935
ORDZ06681,2021-01-22,08:40:33,Breakfast,NS,"[('Cereal', 8), ('Coffee', 3), ('Pancake', 6), ('Eggs', 6)]",436.0,-37.8140584,144.9538733,0,8.533,13.426802
ORDC11088,2021-10-25,17:48:10,Dinner,NS,"[('Salmon', 5), ('Pasta', 1), ('Shrimp', 3)]",394.5,-37.8122214,144.9622519,0,7.841,13.5948347
ORDA01157,2021-09-22,16:47:19,Dinner,BK,"[('Pasta', 2), ('Shrimp', 3), ('Salmon', 1), ('Fish&Chips', 10)]",608.0,-37.8138371,144.9887399,0,5.463,12.5535088
ORDA02839,2021-04-27,11:53:14,Breakfast,BK,"[('Coffee', 7), ('Pancake', 5), ('Cereal', 6), ('Eggs', 3)]",332.75,-37.8044762,144.9172294,0,11.89,16.5925163
ORDX05856,2021-12-22,19:49:51,Dinner,BK,"[('Pasta', 5), ('Shrimp', 6)]",461.5,-37.8131941,144.9627652,0,7.695,14.4728665
ORDB01206,2021-05-06,12:03:22,Lunch,TP,"[('Salad', 4), ('Steak', 7), ('Chicken', 5), ('Burger', 6), ('Fries', 7)]",813.8,-37.8201983,144.957654,0,7.941,12.0982805
ORDB03010,2021-06-28,13:54:55,Lunch,TP,"[('Burger', 3), ('Salad', 7), ('Chicken', 3)]",309.4,-37.8189445,144.9466798,0,9.17,12.2575621
ORDC04966,2021-12-29,20:00:00,Dinner,NS,"[('Pasta', 1), ('Salmon', 10), ('Shrimp', 8), ('Fish&Chips', 5)]",1044.5,-37.808795,144.9825871,0,7.88,13.6015744
ORDX07354,2021-01-21,08:40:33,Breakfast,BK,"[('Cereal', 1), ('Eggs', 7), ('Coffee', 3)]",183.5,-37.8206094,144.9668683,0,7.882,13.2988381
ORDI00676,2021-08-01,14:55:46,Lunch,NS,"[('Fries', 10), ('Steak', 5), ('Burger', 7)]",562.0,-37.8291827,144.9878646,0,10.02,17.4754749
ORDK00674,2021-04-10,11:12:40,Breakfast,BK,"[('Coffee', 10), ('Eggs', 2), ('Cereal', 1), ('Pancake', 8)]",295.0,144.9480878,-37.8035696,0,8.919,15.7448235
ORDK09526,2021-07-09,14:15:12,Lunch,BK,"[('Fries', 4), ('Chicken', 7)]",272.0,-37.8262024,144.9492544,0,9.489,15.774583
ORDK09413,2021-02-12,09:21:07,Breakfast,BK,"[('Pancake', 7), ('Coffee', 6)]",188.75,-37.8240328,144.9439381,0,9.873,14.3939365
ORDY07244,2021-12-03,19:09:17,Dinner,TP,"[('Salmon', 2), ('Shrimp', 7), ('Fish&Chips', 4), ('Pasta', 4)]",710.0,-37.8257403,144.9816691,0,8.921,13.6282793
ORDI02975,2021-08-13,15:26:11,Lunch,NS,"[('Salad', 1), ('Burger', 7), ('Chicken', 7), ('Fries', 5)]",518.2,-37.8150935,144.9488377,0,9.532,15.0860136
ORDZ00694,2021-05-10,12:13:31,Lunch,NS,"[('Fries', 8), ('Steak', 3), ('Burger', 8), ('Chicken', 5)]",639.0,-37.8228682,144.9553282,0,9.563,15.4140764
ORDZ11044,2021-12-31,20:00:00,Dinner,NS,"[('Pasta', 4), ('Salmon', 10), ('Fish&Chips', 9)]",835.0,-37.8233497,144.9765454,0,9.048,14.8527489
ORDZ03843,2021-04-06,11:02:32,Breakfast,NS,"[('Cereal', 7), ('Pancake', 8)]",318.0,-37.8137291,144.9874627,0,8.785,13.5137317
ORDB05846,2021-01-23,08:40:33,Breakfast,TP,"[('Cereal', 6), ('Eggs', 2), ('Pancake', 6)]",295.5,-37.8269626,144.9829125,0,9.343,13.2673684
ORDI00447,2021-03-23,10:42:15,Breakfast,NS,"[('Pancake', 5), ('Fish&Chips', 7)]",251.25,-37.8003501,144.9501888,0,8.077,13.0486563
ORDY08903,2021-10-03,17:07:36,Dinner,TP,"[('Pasta', 2), ('Fish&Chips', 10), ('Shrimp', 4)]",621.0,-37.8063608,144.9865328,0,10.18,15.3925616
ORDC04852,2021-09-23,16:47:19,Dinner,NS,"[('Salmon', 10), ('Fish&Chips', 3), ('Pasta', 4)]",625.0,-37.8122909,144.9840426,0,8.348,14.6543314
ORDI06609,2021-01-28,08:50:42,Breakfast,NS,"[('Cereal', 4), ('Eggs', 8), ('Pancake', 8), ('Coffee', 10)]",481.0,-37.7995439,145.0022776,0,9.673,14.0242133
ORDJ06036,2021-06-02,13:04:13,Lunch,TP,"[('Chicken', 6), ('Fries', 1), ('Burger', 7), ('Steak', 2)]",511.0,-37.806173,144.9539356,0,9.338,13.3308322
ORDJ10280,2021-12-07,19:19:26,Dinner,TP,"[('Fish&Chips', 5), ('Pasta', 5), ('Shrimp', 10)]",852.5,-37.8116645,144.9648063,0,8.408,12.4552449
ORDA06347,2021-05-01,11:53:14,Breakfast,BK,"[('Coffee', 7), ('Pancake', 5), ('Cereal', 3)]",209.75,-37.8077887,144.9397208,0,10.027,17.7242834
ORDJ09165,2021-08-12,15:26:11,Lunch,TP,"[('Steak', 9), ('Burger', 10), ('Fries', 1)]",727.0,-37.8083585,144.9753826,0,9.233,12.7919697
ORDX03900,2021-02-26,09:51:32,Breakfast,BK,"[('Coffee', 1), ('Eggs', 7), ('Pancake', 8)]",330.5,-37.8186879,144.9670361,0,7.602,12.7887191
ORDK07576,2021-01-19,08:30:25,Breakfast,BK,"[('Eggs', 4), ('Cereal', 3)]",144.0,-37.8134396,144.9620098,0,7.767,5.7881578
ORDJ10615,2021-05-19,12:33:48,Lunch,TP,"[('Chicken', 4), ('Steak', 6)]",398.0,-37.8141994,144.9497243,0,10.063,13.1625598
ORDK04583,2021-12-01,18:59:09,Dinner,BK,"[('Salmon', 9), ('Shrimp', 7), ('Pasta', 9), ('Fish&Chips', 10)]",1344.5,-37.8000517,144.9745569,0,7.274,14.1409152
ORDZ09580,2021-02-11,09:21:07,Breakfast,NS,"[('Coffee', 3), ('Cereal', 9)]",196.5,-37.8214892,145.0074476,0,11.216,16.6855086
ORDI06755,2021-07-22,14:35:29,Lunch,NS,"[('Fries', 9), ('Burger', 1), ('Salad', 4), ('Steak', 1)]",252.8,-37.8192177,145.0056829,0,10.629,16.6016566
ORDY08751,2021-02-02,09:00:50,Breakfast,TP,"[('Eggs', 8), ('Cereal', 4)]",248.0,-37.823838,144.9266665,0,10.799,12.9522673
ORDZ00095,2021-10-04,17:07:36,Dinner,NS,"[('Shrimp', 10), ('Salmon', 10), ('Pasta', 7), ('Fish&Chips', 10)]",1492.5,-37.8023534,144.9305568,0,10.05,16.5308936
ORDA04148,2021-04-03,11:02:32,Breakfast,BK,"[('Eggs', 9), ('Pancake', 2), ('Cereal', 10)]",433.5,-37.8010046,145.0144797,0,4.796,12.02931
ORDK04512,2021-10-14,17:27:53,Dinner,BK,"[('Pasta', 3), ('Salmon', 1)]",123.5,-37.8215051,144.9692796,0,7.853,15.1588441
ORDZ07067,2021-12-10,19:19:26,Dinner,NS,"[('Salmon', 9), ('Shrimp', 6)]",693.0,-37.8097275,144.9639608,0,7.423,13.4277825
ORDJ10354,2021-09-11,16:27:02,Dinner,TP,"[('Fish&Chips', 8), ('Shrimp', 5), ('Salmon', 9)]",919.0,-37.826394,144.9519017,0,8.513,14.6491908
ORDK03960,2021-05-30,12:54:05,Lunch,BK,"[('Burger', 4), ('Steak', 7)]",439.0,-37.8131879,144.9903765,0,5.28,13.2774147
ORDZ06426,2021-03-01,09:51:32,Breakfast,NS,"[('Pancake', 6), ('Eggs', 1), ('Cereal', 2)]",194.5,-37.8260278,144.9845142,0,9.578,14.6844781
ORDC07559,2021-04-27,11:53:14,Breakfast,NS,"[('Pancake', 10), ('Cereal', 7), ('Coffee', 1), ('Eggs', 7)]",515.0,-37.7995181,145.009185,0,9.891,14.9288053
ORDX02464,2021-01-30,08:50:42,Breakfast,BK,"[('Cereal', 7), ('Pancake', 1)]",162.25,-37.8104033,144.9990862,0,4.216,11.1577838
ORDA02960,2021-07-20,14:35:29,Lunch,BK,"[('Fries', 7), ('Salad', 2)]",118.4,145.0026771,-37.8185006,0,4.612,10.2439445
ORDA00262,2021-11-03,18:08:27,Dinner,BK,"[('Salmon', 1), ('Fish&Chips', 6), ('Pasta', 1), ('Shrimp', 3)]",440.5,-37.8107373,144.9462583,0,9.128,16.0366264
ORDZ05584,2021-01-06,08:10:08,Breakfast,NS,"[('Coffee', 7), ('Cereal', 6), ('Pancake', 1)]",180.75,-37.7981012,144.9528279,1,7.769,6.4279034
ORDB05376,2021-12-11,19:29:34,Dinner,TP,"[('Salmon', 10), ('Shrimp', 4), ('Fish&Chips', 9)]",941.0,-37.8115596,144.9572022,0,8.704,14.461373
ORDB09750,2021-02-09,09:10:59,Breakfast,TP,"[('Pancake', 2), ('Eggs', 6), ('Coffee', 8), ('Cereal', 9)]",394.5,-37.8186194,144.9920489,0,9.945,12.8728651
ORDJ08836,2021-04-05,11:02:32,Breakfast,TP,"[('Coffee', 4), ('Cereal', 8), ('Eggs', 3), ('Pancake', 6)]",404.2,-37.8051732,145.0149943,0,12.972,15.0559091
ORDI08394,2021-03-21,10:32:06,Breakfast,NS,"[('Coffee', 6), ('Pancake', 4), ('Eggs', 10), ('Cereal', 1)]",352.0,-37.8090742,144.9316054,0,9.721,16.1173596
ORDY01306,2021-11-11,18:28:43,Dinner,TP,"[('Pasta', 3), ('Fish&Chips', 10)]",432.5,-37.815083,144.9276048,0,11.781,15.4518113
ORDA08589,2021-02-17,09:31:16,Breakfast,BK,"[('Cereal', 9), ('Eggs', 7), ('Pancake', 9), ('Coffee', 5)]",554.75,-37.8240593,144.9735177,0,7.709,12.5325566
ORDY01571,2021-11-09,18:18:35,Dinner,TP,"[('Pasta', 5), ('Salmon', 7), ('Fish&Chips', 3)]",529.5,144.9499644,-37.8036771,0,9.951,14.303695
ORDY04606,2021-02-21,09:41:24,Breakfast,TP,"[('Cereal', 6), ('Pancake', 8)]",298.0,-37.7998201,145.0147972,0,13.515,16.9809705
ORDB09502,2021-04-12,11:12:40,Breakfast,TP,"[('Eggs', 5), ('Coffee', 9), ('Cereal', 1), ('Pancake', 7)]",330.25,-37.8187066,144.9839724,0,9.186,11.4140236
ORDX01516,2021-05-18,12:33:48,Lunch,BK,"[('Burger', 4), ('Salad', 4)]",192.8,-37.8144465,144.9619518,0,7.842,13.4840359
ORDY05014,2021-08-30,15:56:37,Lunch,TP,"[('Steak', 10), ('Burger', 9)]",729.0,-37.8208435,144.94731,0,9.01,12.8611225
ORDZ04700,2021-05-20,12:33:48,Lunch,NS,"[('Burger', 8), ('Steak', 7), ('Chicken', 7)]",787.0,-37.8122103,144.9375505,0,10.23,15.7989708
ORDY01350,2021-06-15,13:24:30,Lunch,TP,"[('Salad', 2), ('Chicken', 10)]",354.4,-37.8204843,144.9506099,0,8.693,12.138112
ORDZ04675,2021-12-29,20:00:00,Dinner,NS,"[('Fish&Chips', 9), ('Pasta', 10), ('Salmon', 4), ('Shrimp', 10)]",1294.0,-37.8028836,144.966495,0,9.044,12.2002628
ORDZ04116,2021-06-06,13:04:13,Dinner,NS,"[('Steak', 5), ('Chicken', 3), ('Fries', 5)]",381.0,-37.8068201,144.9570619,0,7.932,15.6071863
ORDB07286,2021-09-30,16:57:27,Dinner,TP,"[('Shrimp', 7), ('Salmon', 5), ('Fish&Chips', 4)]",723.0,-37.8093013,144.950196,0,9.493,14.023507
ORDJ01171,2021-11-01,18:08:27,Dinner,TP,"[('Pasta', 7), ('Fish&Chips', 3)]",297.5,-37.8199091,144.9613446,0,8.22,11.2725134
ORDJ07054,2021-22-08,15:46:28,Lunch,TP,"[('Salad', 6), ('Burger', 10), ('Steak', 10)]",863.2,-37.8096215,144.9636214,0,8.654,13.8556722
ORDC06535,2021-09-24,16:47:19,Dinner,NS,"[('Shrimp', 5), ('Salmon', 5), ('Pasta', 8)]",695.0,-37.8123953,144.9723819,0,7.602,14.063799
ORDK09260,2021-04-01,10:52:23,Breakfast,BK,"[('Coffee', 3), ('Pancake', 10), ('Eggs', 1), ('Cereal', 10)]",460.0,-37.8065468,144.9742115,0,6.755,11.6911566
ORDA09004,2021-09-08,16:16:54,Dinner,BK,"[('Shrimp', 9), ('Pasta', 1)]",513.5,-37.8178522,145.014074,0,4.269,10.8198507
ORDZ04971,2021-04-29,11:53:14,Breakfast,NS,"[('Pancake', 4), ('Cereal', 1), ('Coffee', 10), ('Eggs', 7)]",311.0,-37.8050371,144.9287516,0,10.459,15.368747
ORDK04188,2021-09-11,16:27:02,Dinner,BK,"[('Fish&Chips', 5), ('Shrimp', 5), ('Pasta', 10)]",720.0,-37.8128878,144.9641366,0,7.648,17.1459126
ORDY08585,2021-12-01,18:59:09,Dinner,TP,"[('Pasta', 3), ('Shrimp', 10)]",622.5,-37.8059018,144.9735402,0,9.474,13.6069674
ORDX06837,2021-10-12,17:27:53,Dinner,BK,"[('Fish&Chips', 8), ('Pasta', 8), ('Salmon', 10)]",910.0,-37.8205705,144.9956122,0,5.584,12.1368351
ORDC05326,2021-03-18,10:32:06,Breakfast,NS,"[('Cereal', 4), ('Coffee', 4), ('Eggs', 8), ('Pancake', 3)]",336.75,-37.8017277,144.9690377,0,6.3,11.6579488
ORDY02593,2021-08-21,15:36:20,Lunch,TP,"[('Salad', 10), ('Steak', 9)]",577.0,-37.8103271,144.961445,0,8.483,13.4626671
ORDK06949,2021-10-11,17:27:53,Dinner,BK,"[('Pasta', 4), ('Salmon', 1), ('Shrimp', 10), ('Fish&Chips', 4)]",831.0,-37.8078975,144.9835946,0,5.72,12.6054016
ORDK09158,2021-10-31,17:58:18,Dinner,BK,"[('Shrimp', 5), ('Fish&Chips', 7), ('Salmon', 3), ('Pasta', 8)]",858.0,-37.8116934,144.9565734,0,8.068,17.4120462
ORDC08623,2021-07-06,14:05:04,Lunch,NS,"[('Chicken', 8), ('Salad', 8), ('Fries', 9)]",501.6,-37.8134616,144.944369,0,9.292,14.3333606
ORDY06861,2021-12-08,19:19:26,Dinner,TP,"[('Fish&Chips', 6), ('Pasta', 3)]",292.5,-37.8177636,144.9659853,0,7.635,11.8210596
ORDX04310,2021-10-23,17:48:10,Dinner,BK,"[('Fish&Chips', 4), ('Salmon', 9), ('Shrimp', 3), ('Pasta', 2)]",726.0,-37.8199018,144.9906932,0,5.777,14.7627506
ORDX02060,2021-03-21,10:32:06,Breakfast,BK,"[('Cereal', 4), ('Pancake', 5)]",191.25,-37.8155485,144.9463302,1,9.14,16.1616892
ORDZ10815,2021-01-24,08:40:33,Breakfast,NS,"[('Eggs', 9), ('Pancake', 4)]",278.0,-37.8128944,144.9651598,0,7.882,15.056179
ORDA03175,2021-09-14,16:27:02,Dinner,BK,"[('Pasta', 8), ('Shrimp', 3), ('Salmon', 9)]",751.0,-37.8184881,144.9677397,0,7.558,14.1567763
ORDI10787,2021-01-05,08:00:00,Breakfast,NS,"[('Eggs', 10), ('Pancake', 3), ('Cereal', 2), ('Coffee', 6)]",349.75,-37.7926313,144.9714012,1,6.985,6.1710245
ORDA02789,2021-02-18,09:31:16,Breakfast,BK,"[('Pancake', 9), ('Coffee', 5)]",227.75,-37.808699,144.9786163,0,6.045,11.3394891
ORDJ05393,2021-08-17,15:36:20,Lunch,TP,"[('Burger', 4), ('Salad', 9), ('Fries', 9)]",386.8,-37.8105703,144.9642633,0,8.536,12.0581168
ORDK07439,2021-12-24,19:49:51,Dinner,BK,"[('Pasta', 10), ('Salmon', 10), ('Fish&Chips', 7)]",930.0,-37.8169902,144.9617896,0,7.978,14.8540393
ORDA08235,2021-06-28,13:54:55,Lunch,BK,"[('Steak', 3), ('Fries', 6), ('Salad', 4)]",275.8,144.9505999,-37.8191543,0,9.146,14.7202961
ORDA10111,2021-09-19,16:37:10,Dinner,BK,"[('Shrimp', 6), ('Fish&Chips', 1)]",359.0,-37.8236582,144.9432921,0,9.951,19.6826469
ORDK10677,2021-12-05,19:09:17,Dinner,BK,"[('Pasta', 6), ('Fish&Chips', 4)]",305.0,-37.8190109,144.9543045,0,8.678,18.4404939
ORDY00069,2021-11-07,18:18:35,Dinner,TP,"[('Fish&Chips', 8), ('Pasta', 5)]",417.5,-37.8039658,144.9641073,0,9.423,14.8608168
ORDC02553,2021-08-23,15:46:28,Lunch,NS,"[('Fries', 8), ('Steak', 3), ('Chicken', 6)]",423.0,-37.7997418,144.9461076,0,8.432,13.4789878
ORDA10117,2021-11-11,18:28:43,Dinner,BK,"[('Salmon', 1), ('Shrimp', 4), ('Pasta', 3)]",339.5,-37.8161952,144.9287407,0,11.636,18.8606052
ORDK07747,2021-09-26,16:47:19,Dinner,BK,"[('Fish&Chips', 3), ('Salmon', 9), ('Pasta', 10), ('Shrimp', 1)]",803.0,-37.7991957,144.9876969,0,6.357,15.803619
ORDC02640,2021-07-08,14:15:12,Lunch,ns,"[('Steak', 1), ('Chicken', 8), ('Burger', 10)]",611.0,-37.8121117,144.9382965,0,10.329,15.3003186
ORDI03196,2021-08-22,15:46:28,Lunch,NS,"[('Chicken', 2), ('Salad', 7), ('Burger', 10), ('Steak', 3)]",629.4,-37.8228688,144.9557457,0,9.587,17.1610036
ORDX00129,2021-09-19,16:37:10,Dinner,BK,"[('Pasta', 5), ('Salmon', 8), ('Fish&Chips', 5)]",640.5,-37.8231448,144.9392964,0,10.268,19.7845095
ORDC08397,2021-06-09,13:14:21,Lunch,NS,"[('Burger', 1), ('Steak', 9)]",436.0,-37.8039763,145.0054783,1,9.605,14.7728436
ORDJ02597,2021-12-09,19:19:26,Dinner,TP,"[('Shrimp', 5), ('Salmon', 5), ('Fish&Chips', 9), ('Pasta', 8)]",1010.0,-37.8154518,144.966669,0,7.98,12.0101531
ORDI01124,2021-07-16,14:25:21,Lunch,NS,"[('Chicken', 3), ('Steak', 4)]",276.0,-37.8134209,144.9738303,0,7.674,13.0276471
ORDB06266,2021-04-10,11:12:40,Breakfast,tp,"[('Pancake', 10), ('Coffee', 6)]",255.5,-37.8188475,144.9825052,0,9.005,13.1589798
ORDC03673,2021-08-20,15:36:20,Lunch,NS,"[('Salad', 5), ('Burger', 8), ('Fries', 10), ('Steak', 9)]",859.0,-37.8095988,144.9755558,0,7.465,13.2226666
ORDJ01436,2021-07-16,14:25:21,Lunch,TP,"[('Burger', 3), ('Chicken', 7), ('Steak', 1), ('Fries', 4), ('Salad', 7)]",530.4,-37.8152092,144.9747566,0,8.437,11.4754363
ORDA08402,2021-05-24,12:43:56,Lunch,BK,"[('Salad', 8), ('Chicken', 8), ('Steak', 5), ('Burger', 7)]",835.6,-37.8208657,144.9551872,0,8.583,14.0799276
ORDY05492,2021-07-08,14:15:12,Lunch,TP,"[('Salad', 8), ('Burger', 3), ('Fries', 10), ('Chicken', 7)]",574.6,-37.8120683,144.9383555,0,10.846,14.1559251
ORDY04138,2021-06-16,13:24:30,Lunch,TP,"[('Salad', 6), ('Chicken', 9), ('Burger', 10), ('Steak', 7), ('Fries', 3)]",1052.2,-37.8076666,144.9732249,0,9.271,12.5916691
ORDA06252,2021-02-11,09:21:07,Breakfast,BK,"[('Eggs', 8), ('Coffee', 2)]",179.0,-37.8209209,145.0008655,0,5.089,10.0176961
ORDC03394,2021-01-03,08:00:00,Breakfast,NS,"[('Eggs', 8), ('Coffee', 8), ('Cereal', 8), ('Pancake', 8)]",550.0,-37.8251587,144.9933891,1,9.972,8.4532653
ORDY02523,2021-12-22,19:49:51,Dinner,TP,"[('Salmon', 4), ('Fish&Chips', 8)]",444.0,-37.8158455,144.9652007,0,7.871,12.2994771
ORDI05922,2021-08-06,15:05:54,Lunch,NS,"[('Fries', 8), ('Burger', 10)]",406.0,-37.7865539,145.0197062,0,14.174,19.5320231
ORDZ09389,2021-11-25,18:49:00,Dinner,NS,"[('Pasta', 5), ('Fish&Chips', 8), ('Salmon', 6)]",663.5,-37.822107,144.9383885,0,10.591,16.9046332
ORDC04958,2021-04-14,11:22:49,Breakfast,NS,"[('Eggs', 2), ('Coffee', 5)]",69.5,-37.8237995,144.9835104,0,9.311,14.2767006
ORDC01535,2021-02-04,09:00:50,Breakfast,NS,"[('Eggs', 2), ('Coffee', 2), ('Cereal', 10)]",253.0,-37.8105418,144.9720184,1,7.352,12.2149165
ORDI07732,2021-07-14,14:25:21,Lunch,NS,"[('Fries', 9), ('Burger', 4)]",232.0,-37.8157826,144.9791621,0,8.261,13.8734054
ORDA04578,2021-10-16,17:27:53,Dinner,BK,"[('Shrimp', 1), ('Pasta', 4)]",164.0,-37.8000294,144.9999439,0,5.311,14.7251337
ORDY09969,2021-11-20,18:38:52,Dinner,TP,"[('Fish&Chips', 8), ('Pasta', 9), ('Salmon', 2)]",609.5,-37.823123,144.9830236,0,8.843,14.3635243
ORDZ00643,2021-12-05,19:09:17,Dinner,NS,"[('Pasta', 6), ('Salmon', 10)]",575.0,-37.813358,144.9741379,0,7.685,15.1876971
ORDX00357,2021-12-22,19:49:51,Dinner,BK,"[('Salmon', 5), ('Shrimp', 8), ('Fish&Chips', 6), ('Pasta', 8)]",1067.0,-37.8119981,144.9568429,0,8.22,14.9465416
ORDA03815,2021-04-12,11:22:49,Breakfast,BK,"[('Salad', 1), ('Coffee', 6), ('Eggs', 4), ('Pancake', 3)]",203.75,-37.8207322,144.9848817,0,6.407,11.2057371
ORDA04906,2021-09-26,16:57:27,Dinner,BK,"[('Salmon', 1), ('Pasta', 6), ('Fish&Chips', 7), ('Shrimp', 7)]",829.0,-37.8119116,144.9665763,0,7.338,16.636337
ORDC05414,2021-04-13,11:22:49,Breakfast,NS,"[('Pancake', 9), ('Coffee', 1), ('Cereal', 10)]",405.75,-37.8188803,144.9818213,0,8.833,13.9949793
ORDB00622,2021-07-19,14:35:29,Lunch,TP,"[('Burger', 2), ('Steak', 5), ('Fries', 3), ('Chicken', 3)]",419.0,-37.820144,145.0139838,0,11.842,14.9085622
ORDX01326,2021-03-19,10:32:06,Breakfast,BK,"[('Coffee', 6), ('Eggs', 3)]",96.0,-37.8120936,144.9886721,0,5.345,9.3924139
ORDY00441,2021-12-03,19:09:17,Dinner,TP,"[('Pasta', 10), ('Fish&Chips', 1)]",310.0,-37.8033952,145.0033845,0,11.994,15.6764562
ORDC05791,2021-04-26,11:43:05,Breakfast,NS,"[('Cereal', 10), ('Pancake', 10), ('Coffee', 7), ('Eggs', 3)]",524.0,-37.800655,144.937548,0,10.165,15.2038266
ORDJ10576,2021-02-15,09:21:07,Breakfast,TP,"[('Coffee', 2), ('Cereal', 8), ('Eggs', 6), ('Pancake', 6)]",430.5,-37.8086002,144.9520474,0,9.224,11.9789759
ORDK03900,2021-04-11,11:12:40,Breakfast,BK,"[('Cereal', 5), ('Coffee', 9), ('Pancake', 1)]",171.75,-37.819873,144.9850654,0,6.279,13.140518
ORDX05727,2021-10-10,17:17:44,Dinner,BK,"[('Pasta', 3), ('Shrimp', 6)]",406.5,-37.8101135,144.9049074,0,12.723,22.4259422
ORDZ09951,2021-05-02,11:53:14,Breakfast,NS,"[('Coffee', 4), ('Eggs', 7), ('Pancake', 8), ('Cereal', 10)]",547.0,-37.8046323,144.9353905,0,9.828,16.9023935
ORDX01763,2021-01-28,08:50:42,Breakfast,BK,"[('Eggs', 10), ('Cereal', 9), ('Coffee', 10)]",445.0,-37.803388,145.0075238,0,5.558,10.2735695
ORDJ09497,2021-12-24,19:49:51,Dinner,TP,"[('Pasta', 5), ('Shrimp', 7)]",515.5,-37.8140202,144.9600804,0,8.351,12.8243532
ORDB05969,2021-09-04,16:06:45,Dinner,TP,"[('Salmon', 7), ('Pasta', 8), ('Shrimp', 7), ('Fish&Chips', 9)]",1200.0,-37.8037319,144.9797286,0,10.277,16.0440761
ORDC01487,2021-04-17,11:32:57,Breakfast,NS,"[('Coffee', 6), ('Cereal', 5)]",133.0,-37.8160973,144.9721557,0,7.913,15.554553
ORDJ09476,2021-12-15,19:29:34,Dinner,TP,"[('Salmon', 6), ('Fish&Chips', 8)]",526.0,-37.8139812,144.971284,0,8.432,12.668932
ORDB09948,2021-12-31,20:00:00,Dinner,TP,"[('Salmon', 4), ('Shrimp', 6), ('Fish&Chips', 10), ('Pasta', 4)]",948.0,-37.823121,144.9763575,0,8.119,12.2888707
ORDI02626,2021-12-12,19:29:34,Dinner,NS,"[('Shrimp', 7), ('Salmon', 2), ('Fish&Chips', 7)]",705.0,37.8111307,144.9590314,0,7.883,15.5074191
ORDI10038,2021-01-03,08:00:00,Breakfast,NS,"[('Eggs', 5), ('Pancake', 9)]",305.25,-37.8223506,145.0141094,1,11.653,9.0806183
ORDY02059,2021-12-02,19:09:17,Dinner,TP,"[('Fish&Chips', 7), ('Shrimp', 5), ('Salmon', 3), ('Pasta', 7)]",830.5,-37.8140189,144.9443017,0,9.709,13.4217629
ORDJ08183,2021-05-24,12:43:56,Lunch,TP,"[('Burger', 4), ('Steak', 5), ('Chicken', 2), ('Fries', 5)]",473.0,-37.8089536,144.9425035,0,9.989,13.0613448
ORDC05387,2021-02-26,09:51:32,Breakfast,NS,"[('Eggs', 7), ('Pancake', 5), ('Coffee', 6)]",291.25,-37.81659,144.9715011,0,8.444,12.4606564
ORDX03016,2021-07-14,14:25:21,Lunch,BK,"[('Fries', 9), ('Chicken', 3), ('Burger', 6), ('Salad', 6), ('Steak', 5)]",718.2,-37.8161105,144.9826099,0,6.256,12.1091193
ORDB05206,2021-10-24,17:48:10,Dinner,TP,"[('Fish&Chips', 7), ('Shrimp', 4), ('Pasta', 10), ('Salmon', 1)]",273.5,-37.8170536,144.9533221,0,8.604,14.5773746
ORDX06436,2021-12-14,19:29:34,Dinner,BK,"[('Shrimp', 2), ('Fish&Chips', 2), ('Pasta', 7), ('Salmon', 10)]",780.5,-37.8117424,144.9702604,0,7.069,14.1806511
ORDJ10560,2021-06-26,13:44:47,Lunch,TP,"[('Fries', 4), ('Salad', 4), ('Chicken', 6)]",308.8,-37.8029968,144.9494294,0,9.959,14.8086667
ORDK09041,2021-11-21,18:49:00,Dinner,BK,"[('Fish&Chips', 5), ('Shrimp', 3), ('Salmon', 3)]",460.0,-37.8147729,144.9401185,0,9.731,19.0979453
ORDJ01821,2021-04-09,11:12:40,Breakfast,TP,"[('Cereal', 2), ('Eggs', 3), ('Pancake', 6), ('Coffee', 9)]",286.0,-37.8242325,144.9438579,0,9.134,11.9155426
ORDA06333,2021-03-01,09:51:32,Breakfast,BK,"[('Eggs', 2), ('Pancake', 4), ('Coffee', 10)]",186.0,-37.8148844,144.9376827,0,9.936,14.8062525
ORDJ01675,2021-09-09,16:16:54,Dinner,TP,"[('Fish&Chips', 7), ('Shrimp', 2), ('Pasta', 3)]",435.5,-37.7988037,144.989939,0,11.221,15.085295
ORDK08018,2021-11-21,18:49:00,Dinner,BK,"[('Shrimp', 3), ('Salmon', 7)]",449.0,37.8114704,144.9375319,0,10.421,20.3120205
ORDI05084,2021-02-11,09:21:07,Breakfast,NS,"[('Eggs', 10), ('Cereal', 4), ('Pancake', 8), ('Coffee', 5)]",495.5,-37.8227967,145.0050163,0,10.945,16.1048207
ORDA03950,2021-10-24,17:48:10,Dinner,BK,"[('Fish&Chips', 2), ('Salmon', 3), ('Shrimp', 3)]",355.0,-37.8172782,144.9910334,0,5.548,14.8854014
ORDK07361,2021-12-17,19:39:43,Dinner,BK,"[('Pasta', 4), ('Shrimp', 8), ('Fish&Chips', 7)]",787.0,37.8011636,144.974124,0,7.208,13.7094894
ORDX03606,2021-12-24,19:49:51,Dinner,BK,"[('Shrimp', 9), ('Fish&Chips', 1)]",521.0,-37.8129884,144.959612,0,7.905,14.4288899
ORDX06149,2021-04-02,10:52:23,Breakfast,BK,"[('Pancake', 10), ('Cereal', 9)]",402.5,-37.8041811,144.954451,0,8.333,12.9292524
ORDB03686,2021-03-24,10:42:15,Breakfast,TP,"[('Cereal', 3), ('Coffee', 1), ('Pancake', 5), ('Eggs', 10)]",386.75,-37.8068121,144.9513383,0,9.482,11.9694572
ORDI00706,2021-26-02,09:51:32,Breakfast,NS,"[('Pancake', 7), ('Coffee', 6)]",188.75,-37.8185567,144.9647864,0,8.628,13.9299132
ORDB03339,2021-09-08,16:16:54,Dinner,TP,"[('Fish&Chips', 6), ('Salmon', 4), ('Pasta', 7), ('Shrimp', 9)]",1052.5,-37.8178522,145.014074,0,12.239,15.9833142
ORDX07688,2021-05-11,12:13:31,Lunch,BK,"[('Burger', 3), ('Steak', 4), ('Fries', 10)]",393.0,-37.8176145,144.967221,0,7.443,13.32303
ORDJ10378,2021-02-23,09:41:24,Breakfast,TP,"[('Cereal', 2), ('Pancake', 10)]",262.5,-37.8036382,144.9522092,0,9.813,12.7632987
ORDK02236,2021-11-16,18:38:52,Lunch,BK,"[('Fish&Chips', 10), ('Salmon', 8), ('Pasta', 6)]",843.0,-37.8114307,144.9517887,0,8.578,14.7063655
ORDK06689,2021-11-20,18:38:52,Dinner,BK,"[('Salmon', 5), ('Pasta', 5)]",342.5,-37.8232442,144.9687669,0,8.092,16.9909632
ORDB03982,2021-03-06,10:01:41,Breakfast,TP,"[('Coffee', 5), ('Eggs', 3), ('Cereal', 5), ('Pancake', 4)]",279.5,-37.8095845,144.9616905,0,8.596,12.444671
ORDB08000,2021-01-20,08:30:25,Breakfast,TP,"[('Eggs', 1), ('Pancake', 1), ('Cereal', 1)]",63.25,-37.8195035,144.9566803,0,8.097,10.7701113
ORDJ08114,2021-03-17,10:21:58,Breakfast,TP,"[('Cereal', 4), ('Coffee', 7), ('Pancake', 9)]",318.75,-37.8015587,144.9643303,0,9.624,12.1070834
ORDX09764,2021-07-08,14:15:12,Lunch,BK,"[('Chicken', 2), ('Burger', 5), ('Fries', 4)]",267.0,-37.8123375,144.9385228,0,10.441,16.3085455
ORDJ09756,2021-01-28,08:50:42,Breakfast,TP,"[('Coffee', 2), ('Eggs', 1), ('Pancake', 3)]",98.75,-37.8041467,145.0078254,0,12.268,14.469229
ORDJ04854,2021-02-26,09:51:32,Breakfast,TP,"[('Eggs', 9), ('Coffee', 9)]",238.5,-37.8173738,144.9703856,0,7.939,10.7583886
ORDI06854,2021-01-05,08:00:00,Breakfast,NS,"[('Coffee', 9), ('Cereal', 2)]",89.5,-37.7983344,144.9784699,1,7.065,6.447772
ORDK09462,2021-07-08,14:15:12,Lunch,BK,"[('Salmon', 3), ('Chicken', 4), ('Salad', 8)]",400.6,-37.8140484,144.9379666,0,10.187,16.4046857
ORDZ04796,2021-09-02,16:06:45,Dinner,NS,"[('Shrimp', 8), ('Salmon', 2), ('Pasta', 3)]",596.5,-37.8220888,144.96947,0,8.845,14.509318
ORDZ04471,2021-09-30,16:57:27,Dinner,NS,"[('Pasta', 8), ('Salmon', 2), ('Fish&Chips', 6)]",512.0,-37.8034359,144.9627121,0,7.088,13.6527924
ORDK10060,2021-05-22,12:33:48,Lunch,BK,"[('Steak', 8), ('Burger', 1), ('Salad', 10), ('Chicken', 4), ('Fries', 4)]",739.0,-37.8143832,144.9379851,0,10.147,18.3544129
ORDB07324,2021-12-31,20:00:00,Dinner,TP,"[('Shrimp', 5), ('Salmon', 10), ('Pasta', 3)]",762.5,-37.8229914,144.9762569,0,8.121,12.0658678
ORDI02131,2021-01-26,08:40:33,Breakfast,NS,"[('Eggs', 4), ('Coffee', 8), ('Pancake', 7)]",283.75,-37.8063815,144.937708,0,9.891,14.8435814
ORDB03728,2021-12-24,19:49:51,Dinner,TP,"[('Fish&Chips', 7), ('Salmon', 9), ('Pasta', 6)]",779.0,-37.8130823,144.959658,0,8.463,12.3991837
ORDI08509,2021-04-26,11:43:05,Breakfast,NS,"[('Cereal', 4), ('Coffee', 9), ('Pancake', 10), ('Eggs', 9)]",541.0,-37.8051492,144.9294548,0,10.436,15.644176
ORDJ00469,2021-08-31,15:56:37,Lunch,TP,"[('Steak', 3), ('Fries', 7), ('Burger', 5)]",374.0,-37.8134886,144.9656257,0,8.208,11.6642706
ORDZ05200,2021-11-12,18:28:43,Dinner,NS,"[('Salmon', 4), ('Pasta', 7)]",356.5,-37.8059281,144.9389586,0,9.487,15.602037
ORDX05712,2021-09-15,16:27:02,Dinner,BK,"[('Fish&Chips', 8), ('Chicken', 6)]",445.0,-37.8087939,144.9718035,0,7.203,14.5880348
ORDK01452,2021-11-13,18:28:43,Dinner,BK,"[('Salmon', 9), ('Fish&Chips', 8)]",649.0,-37.8067273,144.9379718,0,9.796,18.9407143
ORDB00288,2021-03-30,10:52:23,Breakfast,TP,"[('Pancake', 5), ('Pasta', 5)]",211.25,-37.825603,144.9513867,0,8.549,11.4381627
ORDZ10438,2021-01-20,08:30:25,Breakfast,NS,"[('Coffee', 9), ('Eggs', 8)]",217.5,-37.8177613,144.9573412,0,8.857,14.0629066
ORDJ02104,2021-11-21,18:38:52,Dinner,TP,"[('Pasta', 8), ('Salmon', 10)]",630.0,-37.812231,144.9886793,0,9.854,15.4103853
ORDY02190,2021-02-13,09:21:07,Breakfast,TP,"[('Coffee', 7), ('Eggs', 7), ('Pancake', 8)]",363.5,-37.8128962,144.9733495,0,8.694,13.0031285
ORDK01755,2021-08-23,15:46:28,Lunch,BK,"[('Chicken', 3), ('Salad', 4), ('Steak', 10), ('Burger', 8)]",862.8,-37.7998839,144.9460372,0,9.254,15.7313991
ORDK10337,2021-11-12,18:28:43,Dinner,BK,"[('Fish&Chips', 9), ('Pasta', 7)]",507.5,-37.8174608,144.9674195,0,7.455,14.6156373
ORDJ09747,2021-12-14,19:29:34,Dinner,TP,"[('Salmon', 5), ('Pasta', 9)]",452.5,-37.8071098,144.9659965,0,9.071,13.0925759
ORDJ08471,2021-01-24,08:40:33,Breakfast,TP,"[('Eggs', 6), ('Pancake', 10), ('Coffee', 8)]",392.5,-37.8116268,144.9642958,0,8.385,13.134212
ORDX05029,2021-05-07,12:03:22,Lunch,BK,"[('Burger', 4), ('Steak', 5), ('Salad', 4)]",417.8,-37.8217058,144.9552104,0,8.668,14.039288
ORDB01001,2021-06-08,13:14:21,Lunch,TP,"[('Salad', 3), ('Burger', 6), ('Chicken', 8)]",493.6,-37.8175377,144.9497317,0,8.951,12.2099773
ORDC05253,2021-10-26,17:48:10,Dinner,NS,"[('Shrimp', 2), ('Fish&Chips', 6)]",318.0,-37.8162254,144.9640011,0,8.281,14.4147739
ORDK08974,2021-02-11,09:21:07,Breakfast,BK,"[('Coffee', 5), ('Pancake', 4)]",116.5,-37.8231668,145.0044933,0,4.894,9.9294271
ORDY05465,2021-07-08,14:15:12,Lunch,TP,"[('Salad', 5), ('Steak', 3), ('Chicken', 9)]",509.0,-37.8121117,144.9382965,0,10.854,13.9040042
ORDB06299,2021-01-03,08:00:00,Breakfast,TP,"[('Pancake', 9), ('Eggs', 1)]",221.25,-37.8233387,145.0144058,1,11.883,7.685438
ORDX05985,2021-05-05,12:03:22,Lunch,BK,"[('Salad', 1), ('Burger', 4), ('Fries', 4), ('Steak', 6)]",459.2,-37.8095512,144.9725868,0,6.719,12.4989037
ORDC10625,2021-12-16,19:39:43,Dinner,NS,"[('Pasta', 4), ('Shrimp', 3), ('Fish&Chips', 3)]",377.0,-37.8134892,144.9738639,0,7.684,13.524852
ORDZ06993,2021-03-17,10:21:58,Breakfast,NS,"[('Cereal', 5), ('Eggs', 1), ('Coffee', 8), ('Pancake', 3)]",231.75,-37.801572,144.964458,0,6.851,11.6623432
ORDI01899,2021-05-10,12:13:31,Lunch,NS,"[('Steak', 7), ('Chicken', 7), ('Salad', 9), ('Fries', 10)]",813.8,37.8206961,144.9568595,0,9.288,14.519997
ORDX05158,2021-02-08,09:10:59,Breakfast,BK,"[('Coffee', 2), ('Pancake', 3), ('Eggs', 5)]",182.75,-37.8110847,144.9926428,0,4.882,9.9193538
ORDB04857,2021-09-29,16:57:27,Dinner,TP,"[('Salmon', 3), ('Pasta', 2), ('Fish&Chips', 1)]",213.0,-37.8087868,144.9485122,0,9.643,13.5407062
ORDK04403,2021-11-28,18:59:09,Dinner,BK,"[('Pasta', 3), ('Shrimp', 8), ('Fish&Chips', 4)]",654.5,-37.8253357,144.9816501,0,7.155,16.9129063
ORDB02182,2021-04-01,10:52:23,Breakfast,TP,"[('Cereal', 6), ('Pancake', 9), ('Coffee', 7), ('Eggs', 5)]",463.75,-37.7989897,144.9667971,0,10.034,12.9825746
ORDK04799,2021-10-18,17:38:01,Dinner,BK,"[('Salmon', 8), ('Shrimp', 5), ('Fish&Chips', 3)]",703.0,-37.8180563,144.9944585,0,5.273,11.7972672
ORDB07657,2021-06-13,13:24:30,Lunch,TP,"[('Steak', 8), ('Salad', 2), ('Fries', 9), ('Chicken', 9)]",790.4,-37.825772,144.9844382,0,8.928,14.4300023
ORDZ10115,2021-02-27,09:51:32,Breakfast,NS,"[('Coffee', 4), ('Eggs', 8), ('Pancake', 6)]",323.5,-37.8006641,144.9757176,0,6.64,13.8582766
ORDC02670,2021-07-06,14:05:04,Lunch,NS,"[('Fries', 5), ('Salad', 1), ('Steak', 3)]",212.2,-37.8127024,144.94298,0,9.721,14.855401
ORDB00014,2021-07-23,14:45:38,Lunch,TP,"[('Fries', 7), ('Salad', 7), ('Burger', 6)]",390.4,-37.8201576,144.9582571,0,7.88,11.1990394
ORDX08593,2021-03-01,09:51:32,Breakfast,BK,"[('Coffee', 1), ('Cereal', 9), ('Eggs', 5), ('Pancake', 2)]",335.0,-37.8161011,144.9339196,0,10.304,15.5991182
ORDB01350,2021-08-26,15:46:28,Lunch,TP,"[('Chicken', 2), ('Burger', 2)]",126.0,-37.8227071,145.0140729,0,11.891,14.6206261
ORDX00779,2021-12-24,19:49:51,Dinner,BK,"[('Fish&Chips', 8), ('Salmon', 9), ('Pasta', 8), ('Shrimp', 9)]",1355.0,-37.8139816,144.9604015,0,7.932,15.3042031
ORDZ07398,2021-05-05,12:03:22,Lunch,NS,"[('Salad', 6), ('Steak', 4), ('Chicken', 6), ('Fries', 10)]",595.2,-37.8095716,144.9725962,0,7.294,12.2449492
ORDJ05759,2021-05-31,12:54:05,Lunch,TP,"[('Steak', 3), ('Salad', 5), ('Fries', 8), ('Burger', 4)]",441.0,-37.8063767,144.9411704,0,10.303,13.2982907
ORDX00802,2021-21-05,12:33:48,Lunch,BK,"[('Fries', 9), ('Burger', 5), ('Steak', 5), ('Chicken', 9), ('Salad', 8)]",913.6,-37.8123899,144.9369329,0,10.225,16.4442955
ORDY02400,2021-Nov-11,18:28:43,Dinner,TP,"[('Fish&Chips', 5), ('Pasta', 5), ('Salmon', 8), ('Shrimp', 4)]",856.5,-37.8152448,144.9276603,0,11.747,15.3551955
ORDY00408,2021-07-24,14:45:38,Lunch,TP,"[('Salad', 4), ('Chicken', 8), ('Steak', 1), ('Burger', 10)]",679.8,-37.820608,144.9571782,0,8.029,13.1619288
ORDZ08520,2021-09-18,16:37:10,Dinner,NS,"[('Pasta', 8), ('Salmon', 4)]",384.0,-37.8024254,144.9481787,0,8.351,16.3388565
ORDA03760,2021-18-12,19:39:43,Dinner,BK,"[('Shrimp', 2), ('Fish&Chips', 5)]",283.0,-37.8170244,144.9530683,0,8.681,18.0503006
ORDX06281,2021-02-19,09:31:16,Breakfast,BK,"[('Pancake', 9), ('Eggs', 5), ('Cereal', 6), ('Coffee', 10)]",480.25,-37.8109133,145.0098328,0,3.322,7.517439
ORDX06867,2021-06-03,13:04:13,Dinner,BK,"[('Burger', 8), ('Fries', 2), ('Chicken', 9)]",560.0,-37.8127235,144.9361177,0,10.54,16.7272878
ORDJ02468,2021-01-02,08:00:00,Breakfast,TP,"[('Coffee', 6), ('Cereal', 9), ('Eggs', 2)]",255.0,-37.7998124,144.9782225,1,10.24,6.6201311
ORDA01614,2021-03-05,10:01:41,Breakfast,BK,"[('Cereal', 3), ('Pancake', 1), ('Coffee', 2), ('Eggs', 4)]",177.25,-37.8030898,144.9612977,0,7.889,12.7127444
ORDC00505,2021-05-23,12:43:56,Lunch,NS,"[('Salad', 4), ('Steak', 9), ('Chicken', 9), ('Burger', 2), ('Fries', 2)]",847.8,-37.8145205,144.9465383,0,9.04,16.1375672
ORDK01469,2021-10-04,17:07:36,Dinner,BK,"[('Pasta', 10), ('Salmon', 6), ('Fish&Chips', 1), ('Shrimp', 5)]",826.0,-37.8043283,144.9498942,0,8.713,15.4333081
ORDB11052,2021-12-25,19:49:51,Dinner,TP,"[('Pasta', 5), ('Salmon', 3), ('Fish&Chips', 10)]",610.5,-37.8182916,144.9257561,0,11.089,16.2352164
ORDX08060,2021-05-06,12:03:22,Lunch,TP,"[('Fries', 4), ('Chicken', 6), ('Steak', 9), ('Burger', 3), ('Salad', 2)]",772.4,-37.8100334,144.9726224,0,6.724,13.0326813
ORDY09497,2021-06-13,13:24:30,Lunch,TP,"[('Chicken', 3), ('Steak', 6), ('Salad', 10), ('Fries', 8), ('Burger', 5)]",789.0,-37.8246994,144.9848892,0,8.906,14.263863
ORDA07886,2021-06-03,13:04:13,Lunch,BK,"[('Burger', 7), ('Fries', 3), ('Steak', 10), ('Chicken', 2)]",767.0,-37.8160747,144.9338083,0,10.315,16.3633687
ORDK02473,2021-10-14,17:27:53,Dinner,BK,"[('Salmon', 10), ('Fish&Chips', 9), ('Pasta', 9), ('Shrimp', 5)]",1242.5,-37.8201743,144.965127,0,7.889,15.0934671
ORDA08615,2021-05-16,12:23:39,Lunch,BK,"[('Burger', 9), ('Fries', 10), ('Steak', 3), ('Salad', 2), ('Chicken', 8)]",824.4,-37.8148152,144.9642089,0,7.715,15.4883546
ORDK07280,2021-06-16,13:24:30,Lunch,BK,"[('Steak', 3), ('Burger', 1)]",166.0,-37.8059472,144.9473133,0,8.882,14.332678
ORDK05908,2021-02-18,09:31:16,Breakfast,BK,"[('Coffee', 4), ('Eggs', 10)]",232.0,-37.808699,144.9786163,0,6.045,11.0346559
ORDZ03592,2021-09-30,16:57:27,Dinner,NS,"[('Pasta', 4), ('Shrimp', 5), ('Salmon', 1), ('Fish&Chips', 10)]",771.0,-37.8093631,144.9499094,0,8.746,14.0192878
ORDX09683,2021-07-12,14:15:12,Lunch,BK,"[('Steak', 3), ('Fries', 10)]",255.0,-37.8233982,144.9689636,0,8.082,14.2296795
ORDY03475,2021-12-22,19:49:51,Dinner,TP,"[('Shrimp', 3), ('Salmon', 6), ('Fish&Chips', 3), ('Pasta', 6)]",678.0,-37.8157652,144.9652191,0,7.885,11.9110515
ORDB02351,2021-01-03,08:00:00,Breakfast,TP,"[('Pancake', 4), ('Cereal', 10), ('Coffee', 9)]",338.5,-37.8049246,144.9348886,1,10.876,7.386249
ORDZ02779,2021-09-25,16:47:19,Dinner,NS,"[('Pasta', 4), ('Salmon', 7), ('Shrimp', 10), ('Fish&Chips', 5)]",1112.0,-37.8005276,144.9264467,0,12.365,20.4605087
ORDA06577,2021-03-07,10:11:49,Breakfast,BK,"[('Pancake', 7), ('Eggs', 3), ('Cereal', 4)]",298.75,-37.806543,144.9681656,0,7.054,14.3154756
ORDJ05742,2021-12-26,19:49:51,Dinner,TP,"[('Fish&Chips', 6), ('Salmon', 9)]",579.0,-37.8130106,144.93361,0,11.359,16.8841069
ORDK00935,2021-11-10,18:18:35,Dinner,BK,"[('Salmon', 4), ('Shrimp', 5), ('Pasta', 5), ('Fish&Chips', 6)]",781.5,-37.8068133,144.9490541,0,8.769,16.2544234
ORDX07300,2021-08-11,18:18:35,Dinner,BK,"[('Shrimp', 2), ('Salmon', 4)]",272.0,-37.8035728,144.9490381,0,8.886,15.6164971
ORDX01870,2021-04-26,11:43:05,Breakfast,BK,"[('Pancake', 1), ('Eggs', 10), ('Coffee', 2), ('Cereal', 6)]",363.25,-37.8002524,144.9434681,0,9.406,14.2534016
ORDY03218,2021-04-13,11:22:49,Breakfast,TP,"[('Cereal', 5), ('Pancake', 4)]",189.0,-37.819338,144.9851526,0,9.212,12.2045295
ORDC05220,2021-03-30,10:52:23,Breakfast,NS,"[('Coffee', 9), ('Pancake', 4)]",138.5,-37.8158013,144.934271,0,10.188,14.8861917
ORDZ10409,2021-06-18,13:34:38,Lunch,NS,"[('Burger', 8), ('Steak', 9), ('Chicken', 3)]",749.0,-37.8038253,144.9562081,0,7.736,13.0589904
ORDY10638,2021-05-13,12:23:39,Lunch,TP,"[('Fries', 1), ('Chicken', 3), ('Salad', 4), ('Burger', 8), ('Steak', 1)]",469.8,-37.80954,144.9626849,0,8.653,12.9278446
ORDZ04382,2021-01-25,08:40:33,Breakfast,NS,"[('Cereal', 9), ('Pancake', 8), ('Eggs', 1), ('Coffee', 5)]",406.5,-37.7952931,144.9310355,0,11.112,16.5069495
ORDC02606,2021-03-25,10:42:15,Breakfast,NS,"[('Coffee', 10), ('Eggs', 4), ('Cereal', 5), ('Pancake', 5)]",350.25,-37.8127899,144.9398626,0,9.635,14.9237387
ORDA06401,2021-09-24,16:47:19,Dinner,ns,"[('Shrimp', 6), ('Fish&Chips', 6), ('Pasta', 2)]",589.0,-37.8087369,144.9746113,0,6.451,13.3302302
ORDA05921,2021-06-07,13:14:21,Lunch,BK,"[('Steak', 6), ('Chicken', 8)]",526.0,-37.8071562,144.9593887,0,7.872,13.2177231
ORDB02971,2021-05-08,12:13:31,Lunch,TP,"[('Steak', 2), ('Fries', 6), ('Burger', 7), ('Chicken', 4)]",507.0,-37.8242187,144.9537168,0,8.195,13.5171412
ORDJ03626,2021-10-17,17:38:01,Dinner,TP,"[('Pasta', 10), ('Salmon', 2), ('Shrimp', 9)]",843.0,-37.8099889,144.9953274,0,10.625,15.4836173
ORDZ01944,2021-02-25,09:41:24,Breakfast,NS,"[('Pancake', 9), ('Coffee', 4), ('Cereal', 6), ('Eggs', 5)]",447.25,-37.8088956,144.9608977,0,7.745,12.7724086
ORDK00313,2021-04-20,11:32:57,Breakfast,BK,"[('Pancake', 5), ('Eggs', 6)]",237.25,-37.823887,144.9752552,0,7.588,12.1884844
ORDC03955,2021-01-08,08:10:08,Breakfast,NS,"[('Coffee', 1), ('Eggs', 4), ('Cereal', 4), ('Pancake', 2)]",214.0,-37.799913,144.9515033,1,7.933,6.890197
ORDI07588,2021-08-02,15:05:54,Lunch,NS,"[('Chicken', 9), ('Steak', 3), ('Burger', 6), ('Fries', 7), ('Salad', 1)]",710.2,-37.8062908,144.9591716,0,7.671,12.8075181
ORDZ10281,2021-08-21,15:36:20,Lunch,NS,"[('Chicken', 7), ('Fries', 2), ('Steak', 2), ('Salad', 3)]",389.6,-37.8123421,144.9622123,1,7.862,15.1817664
ORDA09486,2021-03-19,10:32:06,Breakfast,BK,"[('Eggs', 3), ('Coffee', 1), ('Cereal', 9), ('Pancake', 9)]",392.5,-37.8155255,144.9878219,0,5.686,10.0930153
ORDI03190,2021-15-07,14:25:21,Lunch,NS,"[('Chicken', 5), ('Steak', 9), ('Fries', 9)]",673.0,-37.818763,144.9836536,0,9.025,14.6529225
ORDC06002,2021-02-23,09:41:24,Breakfast,NS,"[('Pancake', 3), ('Eggs', 8)]",234.75,-37.8173539,144.9734986,0,8.092,13.5487192
ORDB08279,2021-08-02,15:05:54,Lunch,TP,"[('Salad', 8), ('Steak', 8), ('Fries', 5), ('Burger', 1), ('Chicken', 10)]",908.6,-37.810523,144.9760538,0,9.214,12.5314027
ORDC06702,2021-05-12,12:13:31,Lunch,NS,"[('Salad', 2), ('Fries', 8), ('Burger', 2)]",192.4,-37.8176868,144.9692503,0,8.649,14.4187728
ORDY01320,2021-01-02,08:00:00,Breakfast,TP,"[('Pancake', 5), ('Coffee', 8), ('Eggs', 5), ('Cereal', 9)]",440.25,-37.7988111,144.9891795,1,11.153,7.113997
ORDY02848,2021-09-19,16:37:10,Dinner,TP,"[('Shrimp', 3), ('Pasta', 3), ('Fish&Chips', 3)]",349.5,-37.806496,144.9325212,0,10.961,16.4430816
ORDX10579,2021-05-02,11:53:14,Breakfast,BK,"[('Eggs', 6), ('Pancake', 1), ('Cereal', 8), ('Coffee', 9)]",357.75,-37.8369082,144.894564,0,18.441,26.0651129
ORDX06235,2021-06-02,13:04:13,Lunch,BK,"[('Burger', 6), ('Salad', 5), ('Steak', 10), ('Chicken', 4), ('Fries', 6)]",922.0,-37.8065349,144.9560805,0,8.308,14.1508605
ORDC08886,2021-07-14,14:25:21,Lunch,NS,"[('Chicken', 1), ('Fries', 10)]",152.0,-37.816075,144.9838443,0,8.661,13.7787912
ORDZ04554,2021-12-17,19:39:43,Dinner,NS,"[('Fish&Chips', 2), ('Pasta', 7)]",262.5,-37.8134138,144.9663584,0,7.807,13.5502838
ORDC03812,2021-11-11,18:18:35,Dinner,NS,"[('Pasta', 5), ('Fish&Chips', 6), ('Salmon', 10), ('Shrimp', 3)]",919.5,-37.8149732,144.9273875,0,10.807,16.4236134
ORDC11076,2021-05-09,12:13:31,Lunch,NS,"[('Steak', 1), ('Burger', 2)]",107.0,-37.8238589,144.956348,0,9.61,16.9520606
ORDI07213,2021-10-11,17:17:44,Dinner,NS,"[('Salmon', 9), ('Shrimp', 9), ('Pasta', 2), ('Fish&Chips', 7)]",1155.0,-37.8163362,144.9669196,0,8.186,13.9206255
ORDX04376,2021-06-16,13:24:30,Lunch,BK,"[('Chicken', 5), ('Steak', 7), ('Salad', 10)]",647.0,-37.8073143,144.9733224,0,6.571,12.2653112
ORDI00429,2021-10-25,17:48:10,Dinner,NS,"[('Pasta', 7), ('Fish&Chips', 1), ('Shrimp', 1), ('Salmon', 1)]",322.5,-37.8167421,144.991126,0,9.397,15.4712592
ORDJ05094,2021-04-17,11:32:57,Breakfast,TP,"[('Cereal', 8), ('Coffee', 10)]",215.0,-37.8162031,144.9722562,0,8.184,12.1807035
ORDZ02224,2021-02-22,09:41:24,Breakfast,NS,"[('Pancake', 9), ('Cereal', 9)]",380.25,-37.7994961,144.9491927,0,8.214,13.7369029
ORDC00229,2021-08-02,15:05:54,Lunch,NS,"[('Fries', 7), ('Chicken', 2), ('Salad', 2), ('Burger', 7), ('Steak', 1)]",444.4,-37.806196,144.9583042,0,7.747,12.8740955
ORDC02397,2021-08-18,15:36:20,Lunch,NS,"[('Fries', 5), ('Burger', 1), ('Chicken', 5), ('Steak', 10)]",701.0,-37.8127504,144.9681727,0,7.62,12.8902892
ORDY01853,2021-05-10,12:13:31,Lunch,TP,"[('Salad', 2), ('Steak', 4), ('Burger', 7)]",431.4,-37.8229191,144.9553496,0,8.22,12.1614101
ORDK07394,2021-04-05,11:02:32,Breakfast,BK,"[('Coffee', 8), ('Pancake', 3)]",110.75,-37.8106068,144.9887464,0,5.219,10.2105686
ORDX05295,2021-02-02,09:00:50,Breakfast,BK,"[('Coffee', 9), ('Eggs', 9), ('Pancake', 6), ('Cereal', 3)]",432.0,-37.8229196,144.9649032,0,8.222,13.2577232
ORDY03903,2021-07-30,14:55:46,Lunch,TP,"[('Fries', 3), ('Steak', 9), ('Chicken', 6), ('Salad', 5), ('Burger', 7)]",936.0,-37.8159715,144.9370442,0,7.224,13.5752582
ORDK08641,2021-04-11,11:12:40,Breakfast,BK,"[('Eggs', 4), ('Pancake', 9), ('Coffee', 8), ('Cereal', 3)]",388.25,-37.8205828,144.9848106,0,6.402,13.2896373
ORDC05062,2021-08-29,15:56:37,Lunch,NS,"[('Steak', 8), ('Chicken', 7), ('Burger', 1), ('Salad', 3), ('Fries', 1)]",678.6,-37.8051437,144.9879692,0,8.051,15.6376272
ORDZ01152,2021-02-17,09:31:16,Breakfast,NS,"[('Pancake', 4), ('Coffee', 10), ('Cereal', 10), ('Eggs', 7)]",491.0,-37.8262519,144.9715222,0,6.762,13.9582102
ORDA07421,2021-12-17,19:39:43,Dinner,BK,"[('Shrimp', 4), ('Fish&Chips', 10), ('Pasta', 8), ('Salmon', 4)]",950.0,-37.8121445,144.9706923,0,7.032,13.5889771
ORDI07754,2021-07-04,14:05:04,Lunch,NS,"[('Salad', 1), ('Chicken', 1), ('Steak', 6), ('Burger', 7)]",536.2,-37.8019174,144.9773319,0,6.788,14.3995445
ORDY05752,2021-02-08,09:10:59,Breakfast,TP,"[('Pancake', 7), ('Cereal', 1), ('Eggs', 4)]",259.75,-37.8137727,144.9907207,0,10.123,12.6095202
ORDX10862,2021-06-21,13:34:38,Lunch,BK,"[('Steak', 4), ('Burger', 1), ('Salad', 5), ('Fries', 9)]",405.0,-37.805841,144.956183,0,8.044,14.0002763
ORDZ10568,2021-05-25,12:43:56,Lunch,NS,"[('Chicken', 4), ('Fries', 10), ('Burger', 5), ('Steak', 2), ('Salad', 10)]",665.0,-37.8152997,144.9902847,0,9.153,14.971475
ORDJ02209,2021-03-11,10:11:49,Breakfast,TP,"[('Coffee', 3), ('Cereal', 3)]",76.5,-37.8152822,145.0029326,0,11.138,13.7623081
ORDZ09057,2021-05-03,12:03:22,Lunch,NS,"[('Salad', 3), ('Burger', 4)]",175.6,-37.8121368,144.9739924,0,7.628,13.2715618
ORDY02292,2021-05-11,12:13:31,Lunch,TP,"[('Burger', 9), ('Chicken', 4), ('Steak', 3), ('Salad', 1)]",559.2,-37.8191633,144.961103,0,7.664,11.6352177
ORDI09375,2021-11-13,18:28:43,Dinner,NS,"[('Pasta', 2), ('Fish&Chips', 7)]",300.0,-37.8191593,144.964517,0,8.729,16.3393102
ORDC03179,2021-02-27,09:51:32,Breakfast,NS,"[('Coffee', 1), ('Pancake', 7), ('Eggs', 1)]",182.25,-37.8095317,145.0100635,0,10.206,17.793525
ORDK06650,2021-08-12,15:26:11,Lunch,BK,"[('Salad', 9), ('Steak', 10), ('Chicken', 10)]",924.8,-37.8058169,144.9812881,0,6.129,11.8154292
ORDY08888,2021-12-31,20:00:00,Dinner,TP,"[('Pasta', 9), ('Salmon', 2)]",329.5,-37.8106277,144.9775804,0,9.161,13.0966847
ORDK06830,2021-08-08,15:16:03,Lunch,BK,"[('Salad', 9), ('Fries', 6), ('Chicken', 6)]",418.8,-37.8183782,144.9653005,0,7.655,15.922022
ORDZ09154,2021-03-10,10:11:49,Breakfast,NS,"[('Pancake', 2), ('Coffee', 5)]",72.0,-37.8003395,144.9676511,0,6.511,11.9233949
ORDJ00672,2021-09-23,16:47:19,Dinner,TP,"[('Pasta', 4), ('Salmon', 8)]",438.0,-37.8104063,144.9901859,0,10.116,13.7050983
ORDB00380,2021-04-08,11:12:40,Breakfast,TP,"[('Coffee', 1), ('Pancake', 3), ('Cereal', 3)]",132.25,-37.8224573,144.9478483,0,8.848,11.8903319
ORDA03770,2021-02-05,09:10:59,Breakfast,BK,"[('Cereal', 1), ('Eggs', 2), ('Coffee', 8)]",106.0,-37.8113862,144.969102,0,7.08,11.6224064
ORDZ04899,2021-12-10,19:19:26,Dinner,NS,"[('Shrimp', 10), ('Salmon', 8)]",868.0,-37.8114868,144.9645604,0,7.613,13.6269602
ORDJ04141,2021-11-01,18:08:27,Dinner,TP,"[('Fish&Chips', 1), ('Pasta', 7), ('Shrimp', 5), ('Salmon', 10)]",907.5,-37.8193926,144.9611525,0,7.633,12.0655731
ORDI04794,2021-08-26,15:46:28,Lunch,NS,"[('Salad', 1), ('Fries', 8), ('Chicken', 2), ('Burger', 8)]",425.2,-37.8350425,144.9615386,0,10.862,16.449455
ORDI01686,2021-06-04,13:04:13,Lunch,NS,"[('Fries', 2), ('Burger', 10), ('Chicken', 4), ('Salad', 1)]",479.2,-37.8153659,144.9354149,0,10.076,15.6916462
ORDK05397,2021-07-25,14:45:38,Lunch,BK,"[('Burger', 7), ('Salad', 7), ('Steak', 1), ('Fries', 2), ('Chicken', 10)]",726.4,-37.8131041,144.9517013,0,8.528,16.6319338
ORDA01061,2021-02-22,09:41:24,Breakfast,BK,"[('Cereal', 3), ('Pancake', 10), ('Coffee', 9), ('Eggs', 4)]",416.0,-37.8001267,145.0183189,0,5.492,10.66626
ORDJ00185,2021-01-06,08:10:08,Breakfast,TP,"[('Cereal', 9), ('Pancake', 5), ('Coffee', 5)]",318.75,-37.8005242,144.9558648,1,9.714,5.7758906
ORDC07318,2021-06-21,13:34:38,Lunch,NS,"[('Fries', 8), ('Steak', 9), ('Chicken', 9), ('Burger', 3), ('Salad', 8)]",1019.6,-37.8058765,144.9560741,0,7.94,13.4493828
ORDK08969,2021-06-03,13:04:13,Lunch,BK,"[('Fries', 5), ('Chicken', 5), ('Steak', 1)]",265.0,-37.8149569,144.9354297,0,10.293,16.8510085
ORDI08556,2021-09-10,16:16:54,Dinner,NS,"[('Shrimp', 9), ('Salmon', 10)]",896.0,-37.8210293,144.9696248,0,8.736,14.6439947
ORDX04540,2021-03-01,09:51:32,Breakfast,BK,"[('Coffee', 1), ('Eggs', 5), ('Pancake', 2)]",155.0,-37.8052301,144.9854537,0,5.897,10.5245911
ORDK02462,2021-08-27,15:56:37,Lunch,BK,"[('Steak', 1), ('Salad', 8), ('Burger', 6)]",368.6,-37.8031341,145.003551,0,5.337,11.2929912
ORDA04337,2021-01-10,08:10:08,Breakfast,BK,"[('Eggs', 4), ('Pancake', 7)]",239.75,-37.8183988,144.9787977,1,6.75,7.4263361
ORDZ02536,2021-04-28,11:53:14,Breakfast,NS,"[('Cereal', 2), ('Coffee', 3)]",56.5,-37.8057345,144.9287381,0,10.819,15.6489231
ORDY04369,2021-07-20,14:35:29,Lunch,TP,"[('Burger', 4), ('Fries', 5), ('Salad', 4), ('Chicken', 6)]",444.8,-37.8189424,145.0023257,0,10.798,14.2265046
ORDK03496,2021-03-22,10:32:06,Breakfast,BK,"[('Cereal', 6), ('Eggs', 3), ('Pancake', 10)]",405.5,-37.800743,144.9844788,0,6.371,11.5491465
ORDC10293,2021-08-13,15:26:11,Lunch,NS,"[('Chicken', 1), ('Salad', 9), ('Fries', 10)]",306.8,-37.8067305,144.9393992,0,10.01,15.5043752
ORDI09792,2021-01-28,08:50:42,Breakfast,NS,"[('Cereal', 9), ('Coffee', 8), ('Eggs', 10), ('Pancake', 6)]",567.5,-37.7995439,145.0022776,0,9.673,14.8766331
ORDI10572,2021-03-22,10:32:06,Breakfast,ns,"[('Eggs', 8), ('Coffee', 8)]",212.0,-37.8010135,144.9887015,0,7.891,12.7741723
ORDY09347,2021-12-21,19:49:51,Dinner,TP,"[('Shrimp', 5), ('Pasta', 8)]",490.0,-37.8112522,144.9617736,0,8.381,12.2695804
ORDB03145,2021-08-22,15:36:20,Lunch,TP,"[('Salad', 10), ('Burger', 2), ('Chicken', 3), ('Fries', 9)]",438.0,-37.8141496,144.9632052,0,8.023,12.7024462
ORDZ00789,2021-10-10,17:17:44,Dinner,NS,"[('Fish&Chips', 7), ('Pasta', 6)]",410.0,-37.8039953,144.936298,0,9.818,18.1364295
ORDX07055,2021-10-30,17:58:18,Dinner,BK,"[('Pasta', 9), ('Fish&Chips', 2)]",317.5,-37.8083424,144.9473806,0,9.044,17.9063482
ORDI05064,2021-01-18,08:30:25,Breakfast,NS,"[('Pancake', 9), ('Eggs', 6), ('Cereal', 8)]",486.25,-37.8048774,144.9358409,1,9.786,7.3788034
ORDC06348,2021-09-14,16:27:02,Dinner,NS,"[('Pasta', 10), ('Fish&Chips', 5), ('Shrimp', 10), ('Salmon', 6)]",1236.0,-37.8251949,144.9926087,0,9.842,15.7367105
ORDJ10880,2021-03-12,10:11:49,Breakfast,TP,"[('Coffee', 4), ('Cereal', 4), ('Pancake', 5)]",213.25,-37.8200099,144.9989177,0,10.571,12.5047079
ORDJ02121,2021-07-25,14:45:38,Lunch,TP,"[('Chicken', 7), ('Fries', 9), ('Burger', 3)]",425.0,-37.8129912,144.952109,0,9.014,13.9361964
ORDA07831,2021-12-25,19:49:51,Dinner,BK,"[('Salmon', 1), ('Pasta', 10), ('Shrimp', 10)]",856.0,-37.8182916,144.9257561,0,11.134,20.5088172
ORDK03459,2021-08-16,15:26:11,Breakfast,BK,"[('Steak', 9), ('Fries', 8), ('Chicken', 3), ('Burger', 3)]",690.0,-37.8104686,144.9609582,0,7.663,13.2908079
ORDC07580,2021-05-31,12:54:05,Lunch,NS,"[('Fries', 6), ('Chicken', 5), ('Burger', 10), ('Salad', 7)]",662.4,-37.8053172,144.9409491,0,9.307,14.6697284
ORDC01618,2021-07-03,14:05:04,Lunch,NS,"[('Salad', 7), ('Chicken', 2)]",184.4,-37.8227277,144.9675125,0,8.981,16.5286119
ORDI09542,2021-05-20,12:33:48,Lunch,NS,"[('Salad', 6), ('Chicken', 10)]",423.2,-37.8131612,144.9384008,0,9.779,15.3632349
ORDK08559,2021-09-19,16:37:10,Dinner,BK,"[('Salmon', 5), ('Shrimp', 1)]",259.0,-37.8067534,144.9325725,0,10.377,19.7821269
ORDI09016,2021-12-16,19:29:34,Dinner,NS,"[('Pasta', 5), ('Shrimp', 3), ('Salmon', 5), ('Fish&Chips', 6)]",714.5,-37.8134528,144.9738281,0,7.678,13.8926178
ORDY06639,2021-05-11,12:13:31,Lunch,TP,"[('Burger', 8), ('Chicken', 2)]",312.0,-37.8174124,144.96759,0,7.754,11.7764437
ORDC08120,2021-01-09,08:10:08,Breakfast,NS,"[('Pancake', 8), ('Cereal', 4), ('Coffee', 5), ('Eggs', 1)]",306.5,-37.8196791,144.9816751,0,8.962,7.7221828
ORDZ04334,2021-04-05,11:02:32,Breakfast,NS,"[('Eggs', 9), ('Coffee', 8)]",233.0,-37.8125353,144.9865756,0,8.576,13.5089867
ORDB04792,2021-02-01,09:00:50,Breakfast,TP,"[('Cereal', 3), ('Eggs', 7)]",207.0,-37.8043872,144.9763432,0,9.659,12.5161131
ORDK03446,2021-09-24,16:47:19,Dinner,BK,"[('Pasta', 5), ('Shrimp', 3), ('Fish&Chips', 6)]",509.5,-37.8085642,144.9611915,0,7.817,14.7366377
ORDK09523,2021-08-06,15:05:54,Lunch,BK,"[('Salad', 8), ('Burger', 3), ('Chicken', 10)]",550.6,-37.8231295,144.9890952,0,6.4,12.3239162
ORDC07186,2021-11-25,18:49:00,Dinner,NS,"[('Fish&Chips', 4), ('Shrimp', 10), ('Pasta', 10)]",955.0,-37.8007415,144.9586101,0,7.23,12.8013624
ORDA04954,2021-12-17,19:39:43,Dinner,BK,"[('Shrimp', 1), ('Pasta', 6)]",219.0,-37.8011636,144.974124,0,7.208,14.1920576
ORDC08936,2021-07-08,14:15:12,Lunch,NS,"[('Burger', 10), ('Fries', 5), ('Chicken', 3)]",466.0,-37.81355,144.9377795,0,10.157,15.7042355
ORDK00055,2021-07-08,14:15:12,Lunch,BK,"[('Salad', 3), ('Chicken', 8), ('Burger', 5), ('Fries', 8)]",558.6,-37.8120683,144.9383555,0,10.412,16.866071
ORDK04301,2021-12-21,19:39:43,Dinner,BK,"[('Fish&Chips', 3), ('Pasta', 6), ('Salmon', 9)]",639.0,-37.809128,144.9609769,0,7.73,14.8545968
ORDY07234,2021-11-11,18:28:43,Dinner,TP,"[('Pasta', 8), ('Shrimp', 9)]",706.0,-37.8152883,144.927865,0,11.726,15.9024501
ORDI10146,2021-07-14,14:25:21,Lunch,NS,"[('Salad', 7), ('Burger', 3), ('Steak', 9)]",618.4,-37.8161879,144.982733,0,8.568,13.5261079
ORDC07116,2021-01-21,08:30:25,Breakfast,NS,"[('Eggs', 8), ('Coffee', 1), ('Cereal', 7)]",313.5,-37.8158783,144.9593639,0,8.598,13.4153583
ORDC04519,2021-10-20,17:38:01,Dinner,NS,"[('Shrimp', 1), ('Salmon', 1), ('Pasta', 2), ('Fish&Chips', 9)]",465.0,-37.8166644,144.964952,0,8.323,14.258288
ORDA05257,2021-03-08,10:11:49,Breakfast,BK,"[('Cereal', 2), ('Pancake', 10), ('Eggs', 2), ('Coffee', 8)]",348.5,-37.8007802,144.9685569,0,7.628,12.5107076
ORDX02738,2021-02-04,09:00:50,Breakfast,BK,"[('Cereal', 2), ('Eggs', 1)]",61.0,-37.7993647,144.9588277,0,8.589,13.9382046
ORDZ10002,2021-05-20,12:33:48,Lunch,NS,"[('Salad', 1), ('Burger', 4), ('Fries', 10), ('Steak', 4)]",441.2,-37.8148533,144.9378063,0,9.833,15.1667852
ORDC01054,2021-08-13,15:26:11,Lunch,NS,"[('Burger', 9), ('Steak', 2), ('Chicken', 5), ('Salad', 7), ('Fries', 4)]",697.4,-37.7989053,144.9198257,0,11.671,17.1831671
ORDC00234,2021-08-24,15:46:28,Lunch,NS,"[('Salad', 1), ('Burger', 8), ('Chicken', 5)]",425.2,-37.8108106,145.0029727,0,9.698,15.2769403
ORDJ10370,2021-02-09,09:10:59,Breakfast,TP,"[('Coffee', 4), ('Cereal', 3), ('Eggs', 4), ('Pancake', 2)]",210.5,-37.8059384,144.9748155,0,9.563,12.0024922
ORDB07577,2021-05-03,12:03:22,Lunch,TP,"[('Burger', 6), ('Salad', 8), ('Steak', 10), ('Fries', 10)]",893.6,-37.8121189,144.9738772,0,8.779,12.0355513
ORDK07522,2021-08-30,15:56:37,Lunch,BK,"[('Chicken', 6), ('Burger', 9), ('Salad', 7), ('Fries', 3)]",627.4,-37.8094081,144.981048,0,5.873,11.9748103
ORDI08810,2021-06-28,13:54:55,Lunch,NS,"[('Burger', 8), ('Fries', 10)]",368.0,-37.811521,144.957735,0,8.373,13.9807813
ORDI09089,2021-06-13,13:24:30,Lunch,NS,"[('Steak', 4), ('Burger', 3), ('Chicken', 5)]",433.0,-37.8257062,144.9848302,0,9.564,17.3989353
ORDY02842,2021-08-13,15:26:11,Lunch,TP,"[('Chicken', 4), ('Steak', 6), ('Salad', 6), ('Fries', 1), ('Burger', 8)]",761.2,-37.8102191,144.9911678,0,10.232,13.4972448
ORDY05405,2021-09-12,16:27:02,Dinner,TP,"[('Salmon', 6), ('Fish&Chips', 2), ('Shrimp', 7), ('Pasta', 10)]",969.0,-37.7995568,144.9553376,0,9.841,15.1798047
ORDY00360,2021-04-29,11:53:14,Breakfast,TP,"[('Pancake', 9), ('Eggs', 10)]",410.25,-37.8049069,144.9255653,0,11.588,14.0696459
ORDY04514,2021-05-30,12:54:05,Lunch,TP,"[('Fries', 2), ('Salad', 9), ('Steak', 5), ('Chicken', 4), ('Burger', 9)]",810.8,-37.8051653,144.9366579,0,10.714,15.4713234
ORDC08371,2021-12-20,19:39:43,Dinner,NS,"[('Shrimp', 7), ('Fish&Chips', 9), ('Salmon', 4), ('Pasta', 3)]",939.5,-37.8122652,144.9621012,0,7.857,13.9805512
ORDZ02604,2021-06-17,13:34:38,Lunch,NS,"[('Fries', 9), ('Salad', 2), ('Steak', 2), ('Chicken', 5)]",392.4,-37.8051354,144.9722353,0,7.671,11.8070855
ORDA06058,2021-04-12,11:12:40,Breakfast,BK,"[('Eggs', 1), ('Coffee', 1), ('Pancake', 6)]",160.0,-37.8211496,144.9841856,0,6.492,11.1188744
ORDZ01377,2021-08-14,15:26:11,Lunch,NS,"[('Chicken', 3), ('Salad', 8), ('Burger', 6), ('Fries', 9), ('Steak', 3)]",662.6,-37.8171865,144.9532135,0,8.978,16.2408792
ORDA01337,2021-08-30,15:56:37,Lunch,BK,"[('Chicken', 3), ('Steak', 1), ('Fries', 8)]",237.0,-37.7999398,144.9631958,0,8.091,14.231621
ORDK02438,2021-07-28,14:55:46,Lunch,BK,"[('Chicken', 4), ('Burger', 3), ('Salad', 5), ('Steak', 6)]",577.0,-37.8025843,144.9635397,0,7.784,13.7926158
ORDJ04659,2021-03-09,10:11:49,Breakfast,TP,"[('Cereal', 10), ('Coffee', 5)]",227.5,-37.8086573,145.0058791,0,11.746,13.7036514
ORDB04070,2021-09-14,16:27:02,Dinner,TP,"[('Shrimp', 7), ('Salmon', 2), ('Fish&Chips', 3)]",565.0,-37.8223062,144.9967359,0,10.148,13.6068219
ORDZ10721,2021-02-06,09:10:59,Breakfast,NS,"[('Eggs', 5), ('Pancake', 9), ('Coffee', 2), ('Cereal', 5)]",416.25,-37.8176264,144.9693911,0,8.634,15.6891695
ORDX10270,2021-12-02,19:09:17,Dinner,BK,"[('Pasta', 1), ('Shrimp', 3), ('Fish&Chips', 10)]",539.5,-37.8024834,145.0032421,0,5.335,12.0518993
ORDJ01633,2021-05-13,12:23:39,Lunch,TP,"[('Salad', 5), ('Chicken', 8), ('Burger', 1), ('Fries', 6)]",445.0,-37.8164149,144.9654376,0,7.801,11.2878276
ORDI08502,2021-08-12,15:26:11,Lunch,NS,"[('Burger', 1), ('Salad', 3), ('Fries', 1), ('Chicken', 9)]",382.6,-37.8268555,144.9890293,0,9.944,15.3659627
ORDB00165,2021-10-11,17:17:44,Dinner,TP,"[('Shrimp', 3), ('Pasta', 5), ('Fish&Chips', 9)]",614.5,-37.8171376,144.9856804,0,9.4,13.4217481
ORDA07300,2021-06-09,13:14:21,Lunch,BK,"[('Steak', 6), ('Burger', 3), ('Fries', 6)]",435.0,-37.8034041,145.0035216,0,5.349,10.9809929
ORDY09596,2021-10-03,17:07:36,Dinner,TP,"[('Salmon', 2), ('Pasta', 5)]",219.5,-37.8076183,144.945192,0,9.993,15.2559044
ORDC04077,2021-09-26,16:57:27,Dinner,NS,"[('Fish&Chips', 1), ('Pasta', 7), ('Shrimp', 5), ('Salmon', 8)]",825.5,-37.8117446,144.9671826,0,7.542,15.4341246
ORDB10137,2021-10-10,17:17:44,Dinner,TP,"[('Shrimp', 6), ('Pasta', 10), ('Salmon', 3)]",722.0,-37.8056292,144.9372341,0,10.684,16.0729389
ORDI10706,2021-04-01,10:52:23,Breakfast,NS,"[('Pancake', 3), ('Coffee', 5), ('Eggs', 5), ('Cereal', 9)]",379.25,-37.8015308,144.9663514,0,6.653,11.4877563
ORDY05098,2021-11-09,18:18:35,Dinner,TP,"[('Fish&Chips', 10), ('Pasta', 6)]",515.0,-37.8043289,144.9501428,0,10.031,13.9468506
ORDJ06126,2021-04-20,11:32:57,Breakfast,tp,"[('Coffee', 7), ('Eggs', 1)]",59.5,-37.8241391,144.9424346,0,9.317,12.1399824
ORDX01084,2021-10-06,17:07:36,Dinner,BK,"[('Pasta', 10), ('Shrimp', 10), ('Salmon', 4), ('Fish&Chips', 5)]",1154.0,-37.8095255,144.9339598,0,10.283,17.1084866
ORDJ02297,2021-08-08,15:16:03,Lunch,TP,"[('Salad', 10), ('Burger', 5), ('Steak', 5)]",552.0,-37.8190526,144.9655128,0,7.422,12.6412044
ORDI04479,2021-06-17,13:34:38,Lunch,NS,"[('Steak', 1), ('Chicken', 2), ('Burger', 10), ('Salad', 2)]",453.4,-37.8033152,144.9715926,0,7.224,13.187603
ORDA06684,2021-10-14,17:27:53,Dinner,BK,"[('Salmon', 7), ('Shrimp', 5), ('Pasta', 7), ('Fish&Chips', 9)]",1064.5,-37.8076153,144.9703478,0,6.767,13.6236247
ORDA10231,2021-09-09,16:16:54,Dinner,BK,"[('Fish&Chips', 1), ('Salmon', 7), ('Shrimp', 2)]",430.0,-37.8109126,144.9904296,0,5.104,11.7208333
ORDB08948,2021-08-02,15:05:54,Lunch,TP,"[('Fries', 7), ('Burger', 7), ('Salad', 6)]",404.2,-37.7990965,144.9430502,0,10.793,13.4394349
ORDB03368,2021-10-26,17:48:10,Dinner,TP,"[('Pasta', 8), ('Salmon', 1), ('Shrimp', 9)]",747.0,-37.8162254,144.9640011,0,7.78,11.7285892
ORDX00342,2021-06-16,13:24:30,Lunch,BK,"[('Burger', 10), ('Chicken', 4), ('Salad', 4), ('Eggs', 1)]",551.8,-37.8058282,144.9473266,0,8.896,14.7448454
ORDC05404,2021-06-21,13:34:38,Lunch,NS,"[('Steak', 1), ('Burger', 7), ('Salad', 8)]",399.6,-37.8058816,144.9558594,0,7.964,13.3305569
ORDX08113,2021-02-26,09:51:32,Breakfast,BK,"[('Coffee', 7), ('Pancake', 4), ('Eggs', 3), ('Cereal', 4)]",270.5,-37.8190576,144.9642453,0,7.805,12.6442732
ORDC04747,2021-09-17,16:37:10,Dinner,NS,"[('Fish&Chips', 10), ('Shrimp', 4)]",566.0,-37.8115789,145.0113915,0,10.442,16.2794177
ORDK07342,2021-09-14,16:27:02,Dinner,BK,"[('Fish&Chips', 9), ('Salmon', 4), ('Pasta', 8)]",699.0,-37.8248764,144.9916617,0,6.762,13.4177374
ORDX07671,2021-02-14,09:21:07,Breakfast,BK,"[('Cereal', 7), ('Pancake', 6), ('Eggs', 3)]",336.5,-37.7990915,144.9633416,0,8.224,15.5364775
ORDY01292,2021-07-22,14:45:38,Lunch,TP,"[('Steak', 8), ('Fries', 6), ('Salad', 10), ('Burger', 5), ('Chicken', 3)]",855.0,-37.8162228,145.0074469,0,11.495,13.7660039
ORDA01755,2021-02-18,09:31:16,Breakfast,BK,"[('Coffee', 4), ('Cereal', 8)]",182.0,-37.8226922,144.9335329,0,10.81,15.5575949
ORDC05165,2021-08-14,15:26:11,Lunch,NS,"[('Chicken', 7), ('Fries', 3)]",260.0,-37.8238818,145.0129586,0,11.759,19.6943829
