order_id,date,time,order_type,branch_code,order_items,order_price,customer_lat,customer_lon,customerHasloyalty?,distance_to_customer_KM,delivery_fee
ORDX08325,2021-04-17,11:22:49,Breakfast,BK,"[('Cereal', 2), ('Coffee', 3), ('Pancake', 3), ('Eggs', 3)]",186.25,-37.8234763,144.9880274,0,6.379,13.8571128
ORDB09826,2021-01-24,08:40:33,Breakfast,TP,"[('Cereal', 6), ('Pancake', 2), ('Coffee', 9)]",214.0,-37.8140731,144.9675133,0,8.224,12.7340748
ORDI10933,2021-12-12,19:29:34,Dinner,NS,"[('Pasta', 6), ('Fish&Chips', 10), ('Shrimp', 5)]",785.0,-37.8094864,144.963764,0,7.405,15.1115
ORDA10343,2021-04-26,11:43:05,Breakfast,BK,"[('Coffee', 4), ('Pancake', 2)]",66.5,-37.8052372,144.9285858,0,10.695,16.4999207
ORDJ06235,2021-05-11,12:13:31,Lunch,TP,"[('Steak', 2), ('Fries', 7), ('Burger', 8), ('Chicken', 2)]",486.0,-37.8192236,144.9611303,0,7.656,11.1564828
ORDJ07656,2021-01-05,08:00:00,Breakfast,TP,"[('Pancake', 5), ('Eggs', 4), ('Cereal', 4), ('Coffee', 1)]",280.75,-37.7995297,144.9551395,1,9.851,6.1231367
ORDA06023,2021-08-24,15:46:28,Lunch,BK,"[('Chicken', 8), ('Steak', 9), ('Salad', 10), ('Fries', 9), ('Burger', 6)]",1127.0,-37.8144826,144.9998993,0,4.486,10.3221441
ORDI03109,2021-10-06,17:07:36,Dinner,NS,"[('Pasta', 2), ('Fish&Chips', 5)]",230.0,-37.8234884,144.9861192,0,9.585,15.7338001
ORDJ04744,2021-07-08,14:15:12,Lunch,TP,"[('Salad', 1), ('Steak', 3), ('Burger', 9), ('Chicken', 4)]",559.2,-37.8122037,144.9381195,0,10.874,14.3290763
ORDA01437,2021-11-29,18:59:09,Dinner,BK,"[('Pasta', 6), ('Fish&Chips', 1), ('Shrimp', 9), ('Salmon', 5)]",891.0,-37.8238515,144.9815633,0,6.958,13.700478
ORDY07001,2021-08-23,15:46:28,Lunch,TP,"[('Salad', 8), ('Chicken', 4)]",265.6,-37.8027244,144.9468366,0,10.141,13.0550534
ORDB09333,2021-01-12,08:20:16,Breakfast,TP,"[('Cereal', 10), ('Pancake', 10)]",422.5,-37.7951569,144.9366705,1,11.705,6.6349569
ORDB01222,2021-09-28,16:57:27,Dinner,TP,"[('Fish&Chips', 5), ('Salmon', 9)]",544.0,-37.8038983,144.9674978,0,9.547,13.8117475
ORDI05984,2021-01-07,08:10:08,Breakfast,NS,"[('Pancake', 4), ('Coffee', 9)]",138.5,-37.8077748,144.9332945,1,10.209,7.7855694
ORDK05105,2021-04-23,11:43:05,Breakfast,BK,"[('Coffee', 8), ('Pancake', 5), ('Cereal', 8)]",315.25,-37.8158949,144.9508823,0,9.823,14.7003044
ORDZ10177,2021-10-02,17:07:36,Dinner,NS,"[('Shrimp', 1), ('Pasta', 4), ('Fish&Chips', 2), ('Salmon', 5)]",439.0,-37.8084055,144.9489262,0,8.707,16.4617277
ORDB00476,2021-08-08,15:16:03,Lunch,TP,"[('Salad', 3), ('Burger', 6), ('Chicken', 6), ('Steak', 10), ('Fries', 10)]",999.6,-37.805541,144.9979373,0,11.295,15.6269069
ORDA09094,2021-09-03,16:06:45,Dinner,BK,"[('Shrimp', 8), ('Pasta', 5), ('Salmon', 9), ('Fish&Chips', 9)]",1253.5,-37.8245608,144.9564993,0,9.817,16.8693106
ORDA02698,2021-09-04,16:06:45,Dinner,BK,"[('Salmon', 1), ('Pasta', 6)]",206.0,-37.804278,144.9775821,0,7.04,16.633426
ORDX09287,2021-12-23,19:49:51,Dinner,BK,"[('Salmon', 1), ('Shrimp', 4), ('Pasta', 2), ('Fish&Chips', 6)]",522.0,-37.8084971,144.9580406,0,7.923,14.6980241
ORDJ06063,2021-07-28,14:55:46,Lunch,TP,"[('Fries', 5), ('Steak', 4), ('Chicken', 4)]",368.0,-37.8038904,144.9632459,0,9.316,12.7178706
ORDB07634,2021-06-06,13:04:13,Lunch,TP,"[('Salad', 8), ('Chicken', 10), ('Fries', 1), ('Burger', 6)]",655.6,-37.8066038,144.9560351,0,9.253,14.547665491673591
ORDX09471,2021-12-10,19:19:26,Dinner,BK,"[('Pasta', 5), ('Salmon', 10), ('Shrimp', 9), ('Fish&Chips', 8)]",1313.5,-37.8076419,144.9627683,0,7.489,13.9457916
ORDI05142,2021-10-31,17:58:18,Dinner,NS,"[('Fish&Chips', 8), ('Pasta', 9), ('Shrimp', 5), ('Salmon', 7)]",1084.5,-37.8086087,144.9555205,0,8.098,16.194403
ORDC05491,2021-10-04,17:07:36,Dinner,NS,"[('Shrimp', 6), ('Fish&Chips', 6), ('Salmon', 1)]",575.0,-37.8076225,144.9489486,0,8.7,14.4008647
ORDB09149,2021-02-21,09:41:24,Breakfast,TP,"[('Cereal', 9), ('Pancake', 10), ('Eggs', 8), ('Coffee', 9)]",620.0,-37.8031153,145.0174431,0,13.994,17.0191341
ORDY01530,2021-08-30,15:56:37,Lunch,TP,"[('Fries', 7), ('Salad', 6), ('Steak', 3), ('Burger', 4)]",446.2,-37.8210375,144.9821816,0,8.995,12.503995
ORDI00390,2021-03-23,10:42:15,Breakfast,NS,"[('Coffee', 1), ('Cereal', 8), ('Eggs', 4)]",249.5,-37.8077373,144.9477838,0,8.763,14.233633537284716
ORDB07344,2021-09-06,16:06:45,Dinner,TP,"[('Fish&Chips', 3), ('Pasta', 10)]",380.0,-37.8078386,144.9827496,0,9.791,14.1461621
ORDA10522,2021-06-06,13:04:13,Lunch,BK,"[('Fries', 9), ('Salad', 7)]",228.4,-37.8072412,144.9574337,0,8.039,16.3584218
ORDJ08866,2021-06-04,13:04:13,Lunch,TP,"[('Fries', 7), ('Chicken', 6), ('Burger', 8)]",524.0,-37.815411,144.9354421,0,10.59,13.2838949
ORDB09682,2021-08-31,15:56:37,Lunch,TP,"[('Chicken', 1), ('Steak', 9), ('Salad', 1), ('Fries', 3), ('Burger', 6)]",676.2,-37.8095143,144.9638631,0,8.663,12.1499043
ORDY06264,2021-06-26,13:44:47,Lunch,TP,"[('Burger', 7), ('Fries', 4), ('Salad', 5)]",351.0,-37.8173651,145.0162753,0,12.79,16.9140211
ORDJ00192,2021-11-24,18:49:00,Dinner,TP,"[('Fish&Chips', 5), ('Pasta', 2)]",230.0,-37.8209896,144.9771963,0,8.664,12.8629172
ORDI06322,2021-01-03,08:00:00,Breakfast,NS,"[('Pancake', 7), ('Cereal', 7), ('Coffee', 1), ('Eggs', 2)]",343.25,-37.8083268,144.9554198,1,8.128,7.8491944
ORDB06005,2021-01-04,08:00:00,Breakfast,TP,"[('Coffee', 7), ('Eggs', 4)]",122.5,-37.8105704,145.0006616,1,11.099,8.083657970123777
ORDB05896,2021-09-28,16:57:27,Dinner,TP,"[('Shrimp', 6), ('Fish&Chips', 4), ('Salmon', 3), ('Pasta', 9)]",834.5,-37.8088371,144.9484354,0,9.634,13.4197632
ORDC02471,2021-01-26,08:50:42,Breakfast,NS,"[('Cereal', 6), ('Eggs', 2)]",162.0,-37.8207271,144.9318429,0,9.993,15.1709466
ORDB00555,2021-02-04,09:00:50,Breakfast,TP,"[('Coffee', 10), ('Pancake', 1), ('Eggs', 7)]",224.25,-37.8098572,144.9678952,0,8.831,11.6248282
ORDA10204,2021-11-19,18:38:52,Dinner,BK,"[('Shrimp', 6), ('Salmon', 9), ('Fish&Chips', 6), ('Pasta', 1)]",930.5,-37.8119583,144.9535025,0,8.414,15.2076861
ORDC05118,2021-06-17,13:34:38,Lunch,NS,"[('Chicken', 3), ('Steak', 1), ('Salad', 8), ('Burger', 5), ('Fries', 6)]",505.6,-37.8053582,144.9734661,0,6.791,12.4028603
ORDY06991,2021-05-13,12:23:39,Lunch,TP,"[('Burger', 5), ('Salad', 1), ('Fries', 9), ('Steak', 9), ('Chicken', 3)]",781.2,-37.8108548,144.9635092,0,8.452,11.8180358
ORDA06234,2021-10-11,17:17:44,Dinner,BK,"[('Salmon', 6), ('Shrimp', 10)]",786.0,-37.8223963,144.9476342,0,9.282,16.1861513
ORDA01894,2021-01-05,08:00:00,Breakfast,BK,"[('Eggs', 8), ('Coffee', 4), ('Pancake', 9), ('Cereal', 9)]",570.25,-37.7995297,144.9551395,1,8.528,6.435951531891537
ORDB04445,2021-05-28,12:54:05,Lunch,TP,"[('Salad', 6), ('Chicken', 1)]",135.2,-37.8207339,144.9669253,0,7.557,13.46073040056434
ORDB09992,2021-10-21,17:38:01,Dinner,TP,"[('Salmon', 5), ('Shrimp', 2)]",313.0,-37.8105864,145.0006647,0,11.098,15.1327615
ORDX08021,2021-09-12,16:27:02,Dinner,BK,"[('Fish&Chips', 4), ('Pasta', 4)]",250.0,-37.8243947,144.9553922,0,9.448,18.7719611
ORDJ01619,2021-10-30,17:58:18,Dinner,TP,"[('Pasta', 9), ('Shrimp', 3)]",409.5,-37.8076134,144.9424079,0,10.114,15.8019697
ORDB03789,2021-06-30,13:54:55,Lunch,TP,"[('Fries', 1), ('Burger', 9), ('Steak', 5), ('Chicken', 6)]",708.0,-37.8222909,144.9498048,0,8.675,14.177235961802634
ORDA06982,2021-08-25,15:46:28,Lunch,BK,"[('Burger', 8), ('Fries', 10), ('Chicken', 3)]",464.0,-37.8187086,144.9552773,0,8.587,14.8634167
ORDA04507,2021-12-23,19:49:51,Dinner,BK,"[('Pasta', 1), ('Salmon', 5)]",232.5,-37.8092899,144.960402,0,7.787,14.8751477
ORDB09031,2021-02-01,09:00:50,Breakfast,TP,"[('Pancake', 7), ('Eggs', 1), ('Coffee', 3)]",193.25,-37.8040872,144.9774972,0,9.757,14.870669787616434
ORDX01063,2021-10-05,17:07:36,Dinner,BK,"[('Salmon', 5), ('Fish&Chips', 5)]",380.0,-37.8020633,144.9449335,0,9.202,15.804755
ORDJ07808,2021-12-18,19:39:43,Dinner,TP,"[('Shrimp', 1), ('Fish&Chips', 9)]",369.0,-37.8163056,144.9555899,0,8.394,13.997148249183706
ORDB11088,2021-04-19,11:32:57,Breakfast,TP,"[('Pancake', 6), ('Eggs', 7)]",280.5,-37.8184173,144.9778153,0,8.638,11.6249965
ORDI00936,2021-10-16,17:27:53,Dinner,NS,"[('Salmon', 1), ('Shrimp', 1), ('Fish&Chips', 10)]",445.0,-37.7996025,144.9953789,0,8.597,14.127247201716239
ORDX04255,2021-06-02,13:04:13,Lunch,BK,"[('Fries', 10), ('Chicken', 10), ('Burger', 4), ('Salad', 4)]",632.8,-37.8065073,144.9579553,0,8.246,13.902297781327473
ORDB04158,2021-09-17,16:37:10,Dinner,TP,"[('Salmon', 6), ('Fish&Chips', 8)]",526.0,-37.8224086,144.9978607,0,10.249,14.2744777
ORDJ09671,2021-09-23,16:47:19,Dinner,TP,"[('Pasta', 2), ('Salmon', 8)]",383.0,-37.8120434,144.9880858,0,9.807,13.796414
ORDX03607,2021-01-19,08:30:25,Breakfast,BK,"[('Pancake', 4), ('Eggs', 1), ('Cereal', 9), ('Coffee', 1)]",295.5,-37.8178625,144.9609103,0,8.073,13.0087416
ORDJ01231,2021-09-20,16:37:10,Dinner,TP,"[('Salmon', 8), ('Pasta', 6), ('Shrimp', 8)]",925.0,-37.8062405,144.9319798,0,11.022,15.1043225
ORDC09193,2021-11-23,18:49:00,Dinner,NS,"[('Pasta', 6), ('Salmon', 2)]",247.0,-37.8209309,144.9765848,0,8.694,15.1711025
ORDX06423,2021-11-29,18:59:09,Dinner,BK,"[('Salmon', 10), ('Pasta', 4), ('Shrimp', 4)]",736.0,-37.8071223,144.944995,0,9.255,14.54894725475273
ORDI00168,2021-08-11,15:16:03,Lunch,NS,"[('Steak', 1), ('Burger', 9)]",324.0,-37.8106752,144.9588214,0,7.9,14.0140057
ORDC03241,2021-08-01,15:05:54,Lunch,NS,"[('Steak', 7), ('Chicken', 5), ('Fries', 7), ('Salad', 4), ('Burger', 9)]",906.8,-37.8035534,144.9987979,0,9.086,14.440638274565547
ORDJ03488,2021-12-11,19:19:26,Dinner,TP,"[('Shrimp', 4), ('Fish&Chips', 8), ('Pasta', 7)]",688.5,-37.8119578,144.9554284,0,8.747,14.2124623
ORDA00912,2021-06-19,13:34:38,Lunch,BK,"[('Burger', 10), ('Fries', 8)]",406.0,-37.8063316,144.9594948,0,7.742,15.8892983
ORDI08126,2021-10-12,17:27:53,Dinner,NS,"[('Shrimp', 6), ('Salmon', 8), ('Fish&Chips', 7)]",897.0,-37.8099238,144.9429553,0,10.922,16.775059
ORDC04365,2021-09-21,16:47:19,Dinner,NS,"[('Pasta', 1), ('Shrimp', 9), ('Salmon', 4)]",677.5,-37.8180202,144.9805774,0,8.645,14.158009515615557
ORDX07097,2021-10-07,17:17:44,Dinner,BK,"[('Salmon', 2), ('Pasta', 3), ('Fish&Chips', 6)]",374.5,-37.8190758,144.9598956,0,8.163,14.503907
ORDX06971,2021-01-20,08:30:25,Breakfast,BK,"[('Eggs', 8), ('Coffee', 10)]",223.0,-37.8177613,144.9573412,0,8.46,14.091248
ORDI06043,2021-11-05,18:08:27,Dinner,NS,"[('Shrimp', 1), ('Pasta', 8), ('Fish&Chips', 7), ('Salmon', 8)]",847.0,-37.8190176,144.9522974,0,9.326,15.1049821
ORDB03119,2021-12-22,19:49:51,Dinner,TP,"[('Pasta', 5), ('Fish&Chips', 6), ('Salmon', 2)]",429.5,-37.8158152,144.9651859,0,7.875,12.5030801
ORDZ07630,2021-04-21,11:32:57,Breakfast,NS,"[('Cereal', 10), ('Coffee', 7), ('Pancake', 4), ('Eggs', 7)]",474.5,-37.798441,144.9945891,0,8.636,14.152241581759435
ORDB08629,2021-04-04,11:02:32,Breakfast,TP,"[('Cereal', 1), ('Pancake', 2), ('Eggs', 9), ('Coffee', 3)]",270.0,-37.8275232,144.9511724,0,8.627,14.146473647903314
ORDC00390,2021-07-15,14:25:21,Lunch,NS,"[('Burger', 9), ('Fries', 7), ('Chicken', 5), ('Salad', 7)]",643.4,-37.8168514,144.9881541,0,9.048,14.501753
ORDZ10648,2021-07-09,14:15:12,Lunch,NS,"[('Burger', 10), ('Steak', 10), ('Fries', 10)]",880.0,-37.8131243,144.9401031,0,9.628,15.3575005
ORDY01239,2021-04-08,11:12:40,Breakfast,TP,"[('Eggs', 1), ('Coffee', 2)]",32.0,-37.81042,144.9359857,0,10.562,15.386579426969586
ORDY07153,2021-01-26,08:50:42,Breakfast,TP,"[('Cereal', 9), ('Eggs', 7)]",327.0,-37.8207271,144.9318429,0,10.29,12.6218767
ORDX08764,2021-07-17,14:25:21,Lunch,BK,"[('Salad', 10), ('Fries', 4), ('Steak', 8), ('Chicken', 6), ('Burger', 2)]",834.0,-37.8132496,144.9737466,0,6.854,13.010190678247241
ORDY00843,2021-08-26,15:46:28,Lunch,TP,"[('Burger', 3), ('Chicken', 10)]",413.0,-37.8350501,144.961502,0,9.232,12.9462746
ORDC07047,2021-02-05,09:10:59,Breakfast,NS,"[('Eggs', 2), ('Coffee', 2), ('Cereal', 5)]",153.0,-37.8129206,144.9690577,0,7.614,13.49726064831978
ORDA04184,2021-06-23,13:44:47,Lunch,BK,"[('Burger', 5), ('Fries', 9)]",263.0,-37.8073017,144.9555157,0,8.237,14.3803143
ORDZ02085,2021-05-05,12:03:22,Lunch,NS,"[('Fries', 3), ('Salad', 4), ('Chicken', 8), ('Steak', 5)]",585.8,-37.8094472,144.9725884,0,7.277,12.4131268
ORDC01051,2021-11-20,18:38:52,Dinner,NS,"[('Fish&Chips', 1), ('Salmon', 4), ('Pasta', 9)]",446.5,-37.8113788,145.0020583,0,9.791,18.1339083
ORDY03566,2021-07-22,14:45:38,Lunch,TP,"[('Chicken', 9), ('Salad', 4), ('Steak', 4), ('Fries', 5), ('Burger', 7)]",813.8,-37.8176326,145.0054969,0,11.204,15.79802537537297
ORDB02744,2021-02-27,09:51:32,Breakfast,TP,"[('Eggs', 1), ('Coffee', 2), ('Cereal', 9)]",212.0,-37.8095317,145.0100635,0,12.096,16.0004894
ORDC00605,2021-10-04,17:07:36,Dinner,NS,"[('Fish&Chips', 6), ('Salmon', 7), ('Pasta', 6), ('Shrimp', 3)]",824.0,-37.8076966,144.9490256,0,8.689,14.1862083033566
ORDI00918,2021-07-30,14:55:46,Lunch,NS,"[('Chicken', 10), ('Fries', 1), ('Steak', 10), ('Salad', 4), ('Burger', 5)]",1005.8,-37.8163425,144.9373093,0,10.031,15.5764291
ORDZ08873,2021-05-22,12:33:48,Lunch,NS,"[('Steak', 6), ('Fries', 1), ('Chicken', 6), ('Burger', 7), ('Salad', 9)]",845.8,-37.8125271,144.9374701,0,10.138,15.114845654192273
ORDA01867,2021-01-17,08:30:25,Breakfast,BK,"[('Eggs', 9), ('Coffee', 4)]",211.0,-37.7992931,145.0056747,1,4.928,5.6887798
ORDK09184,2021-08-30,15:56:37,Lunch,BK,"[('Chicken', 1), ('Steak', 3), ('Burger', 2)]",229.0,-37.8156139,144.9662916,0,7.547,13.7161808
ORDK05161,2021-05-03,12:03:22,Lunch,BK,"[('Fries', 2), ('Burger', 10), ('Steak', 1), ('Chicken', 3)]",475.0,-37.8121951,144.9738711,0,6.779,12.8875072
ORDB07773,2021-10-29,17:58:18,Dinner,TP,"[('Pasta', 8), ('Salmon', 4)]",384.0,-37.8027507,144.9633906,0,9.516,14.716217336580272
ORDI02896,2021-10-12,17:27:53,Dinner,NS,"[('Pasta', 5), ('Fish&Chips', 6), ('Shrimp', 9), ('Salmon', 3)]",956.5,-37.8205164,144.9942283,0,9.809,15.498735
ORDJ09042,2021-09-15,16:27:02,Dinner,TP,"[('Shrimp', 8), ('Salmon', 1)]",473.0,-37.8081147,144.9687422,0,9.5,13.0504051
ORDB04532,2021-03-11,10:11:49,Breakfast,TP,"[('Cereal', 1), ('Coffee', 7)]",58.5,-37.8101377,144.9965834,0,10.736,12.7525874
ORDK07650,2021-05-24,12:43:56,Lunch,BK,"[('Steak', 9), ('Salad', 7), ('Burger', 4), ('Chicken', 10)]",969.4,-37.8091174,144.9368711,0,10.2,16.1321934
ORDY02047,2021-03-02,09:51:32,Breakfast,TP,"[('Cereal', 4), ('Coffee', 7)]",118.5,-37.8260331,144.9835017,0,9.111,11.071931
ORDI03689,2021-08-19,15:36:20,Lunch,NS,"[('Salad', 7), ('Steak', 6)]",390.4,-37.808648,144.9549755,0,8.239,13.4451856
ORDI00296,2021-08-11,15:16:03,Lunch,NS,"[('Fries', 5), ('Steak', 3), ('Salad', 1)]",212.2,-37.8130553,144.9597517,0,8.068,13.641447
ORDC03954,2021-03-22,10:32:06,Breakfast,NS,"[('Pancake', 2), ('Coffee', 4), ('Eggs', 6)]",192.5,-37.800743,144.9844788,0,7.496,12.7191927
ORDI06999,2021-12-01,19:09:17,Dinner,NS,"[('Shrimp', 7), ('Pasta', 2), ('Fish&Chips', 9), ('Salmon', 10)]",1158.0,-37.8168402,144.9355778,0,9.943,16.1828873
ORDI05211,2021-06-05,13:04:13,Lunch,NS,"[('Salad', 4), ('Burger', 10), ('Steak', 2), ('Chicken', 8)]",724.8,-37.8066513,144.9570285,0,8.205,15.5154251
ORDX03261,2021-10-07,17:17:44,Dinner,BK,"[('Salmon', 5), ('Fish&Chips', 9), ('Pasta', 4), ('Shrimp', 2)]",738.0,-37.8187135,144.9670491,0,7.606,14.2922101
ORDZ04148,2021-12-15,19:29:34,Dinner,NS,"[('Fish&Chips', 6), ('Pasta', 6)]",375.0,-37.8160767,144.9722254,0,7.906,13.5943972
ORDJ05841,2021-07-16,14:25:21,Lunch,TP,"[('Burger', 5), ('Salad', 7)]",275.4,-37.8131754,144.973829,0,8.635,12.192388
ORDK06527,2021-01-23,08:40:33,Breakfast,BK,"[('Cereal', 7), ('Pancake', 3)]",206.75,-37.8119553,144.96046,0,7.835,15.8252916
ORDB03198,2021-08-27,15:56:37,Lunch,TP,"[('Burger', 7), ('Chicken', 10), ('Fries', 5), ('Salad', 6)]",700.2,-37.8014069,145.003197,0,12.135,15.0414857
ORDY03425,2021-10-17,17:38:01,Dinner,TP,"[('Fish&Chips', 6), ('Shrimp', 2), ('Salmon', 1), ('Pasta', 7)]",551.5,-37.8101648,144.9964801,0,10.727,16.0098653
ORDI07895,2021-05-06,12:03:22,Lunch,NS,"[('Burger', 9), ('Steak', 4), ('Chicken', 1), ('Salad', 1)]",508.2,-37.8204544,144.9577736,0,9.187,14.6972995
ORDY07923,2021-12-10,19:19:26,Dinner,TP,"[('Fish&Chips', 3), ('Pasta', 10), ('Shrimp', 6)]",704.0,-37.8075459,144.9627241,0,8.896,12.9510399
ORDJ08239,2021-04-28,11:53:14,Breakfast,TP,"[('Eggs', 5), ('Pancake', 9)]",305.25,-37.8060886,144.9288979,0,11.236,13.7212714
ORDZ09337,2021-04-24,11:43:05,Breakfast,NS,"[('Eggs', 9), ('Pancake', 7)]",344.75,-37.8134519,144.9483796,0,10.244,16.6153892
ORDJ10071,2021-07-31,14:55:46,Lunch,TP,"[('Steak', 10), ('Burger', 9), ('Salad', 3), ('Fries', 4)]",828.6,-37.8202117,144.9777365,0,8.578,14.115070452464426
ORDY10076,2021-09-25,16:47:19,Dinner,TP,"[('Salmon', 4), ('Pasta', 2), ('Shrimp', 5)]",489.0,-37.8005276,144.9264467,0,13.229,18.024636
ORDJ06273,2021-03-02,09:51:32,Breakfast,TP,"[('Eggs', 10), ('Cereal', 7), ('Pancake', 8), ('Coffee', 9)]",577.5,-37.7991331,145.003862,0,12.487,14.4722117
ORDJ01467,2021-03-09,10:11:49,Breakfast,TP,"[('Eggs', 6), ('Cereal', 2), ('Coffee', 3)]",182.5,-37.8000373,144.9440091,0,10.657,13.0332914
ORDJ09169,2021-05-13,12:23:39,Lunch,TP,"[('Fries', 2), ('Salad', 9), ('Steak', 1), ('Burger', 4)]",347.8,-37.8177227,144.9646588,0,7.602,11.3983602
ORDJ02493,2021-01-27,08:50:42,Breakfast,TP,"[('Coffee', 6), ('Eggs', 5), ('Cereal', 10), ('Pancake', 2)]",382.5,-37.8107694,145.0127613,0,12.578,14.1288608
ORDY10519,2021-09-07,16:16:54,Dinner,TP,"[('Pasta', 1), ('Salmon', 7)]",314.5,-37.8069378,145.0099095,0,12.42,16.1595867
ORDK02256,2021-02-07,09:10:59,Breakfast,BK,"[('Cereal', 5), ('Coffee', 8), ('Eggs', 8), ('Pancake', 6)]",445.5,-37.8263361,144.9858117,0,7.39,13.353703183456297
ORDX01418,2021-09-18,16:37:10,Dinner,BK,"[('Pasta', 10), ('Salmon', 9)]",644.0,-37.8236459,144.9878827,0,6.412,16.1541655
ORDC04464,2021-04-29,11:53:14,Breakfast,NS,"[('Cereal', 10), ('Coffee', 5), ('Pancake', 5), ('Eggs', 6)]",464.75,-37.8046827,144.9200194,0,11.432,16.4618717
ORDC02573,2021-09-13,16:27:02,Dinner,NS,"[('Pasta', 4), ('Fish&Chips', 9), ('Salmon', 4)]",589.0,-37.8232067,145.0082041,0,11.477,17.4614891
ORDX01275,2021-02-21,09:41:24,Breakfast,BK,"[('Cereal', 4), ('Coffee', 8), ('Pancake', 6), ('Eggs', 7)]",404.5,-37.8021938,145.0156769,0,5.734,12.9312759
ORDX10379,2021-07-12,14:25:21,Lunch,BK,"[('Burger', 4), ('Chicken', 5)]",284.0,-37.8011507,144.9887562,0,5.99,12.456469028059509
ORDY09221,2021-01-15,08:20:16,Breakfast,TP,"[('Eggs', 1), ('Coffee', 1), ('Cereal', 9), ('Pancake', 10)]",429.0,-37.8169672,144.9652935,1,7.715,5.914914840221831
ORDY09721,2021-11-18,18:38:52,Dinner,TP,"[('Pasta', 3), ('Fish&Chips', 4), ('Salmon', 4)]",386.5,-37.8123285,144.9522112,0,9.119,13.0386776
ORDI02399,2021-10-06,17:07:36,Dinner,NS,"[('Fish&Chips', 7), ('Salmon', 6)]",491.0,-37.8234884,144.9861192,0,9.585,15.6600063
ORDA07945,2021-08-04,15:05:54,Lunch,BK,"[('Burger', 7), ('Salad', 1)]",234.2,-37.8219372,144.9520932,0,8.871,14.302848743558183
ORDZ02542,2021-04-30,11:53:14,Breakfast,NS,"[('Eggs', 4), ('Cereal', 7), ('Coffee', 4)]",246.0,-37.8083809,144.9414353,0,10.019,14.9768889
ORDJ05735,2021-03-15,10:21:58,Breakfast,TP,"[('Coffee', 5), ('Eggs', 8), ('Pancake', 5)]",306.75,-37.7993128,144.9877674,0,10.983,13.5042099
ORDZ00585,2021-08-31,15:56:37,Lunch,NS,"[('Salad', 6), ('Steak', 5), ('Chicken', 4), ('Fries', 4), ('Burger', 3)]",597.2,-37.8142508,144.9861537,0,8.703,14.0914753
ORDX04695,2021-10-06,17:07:36,Dinner,BK,"[('Fish&Chips', 8), ('Salmon', 3), ('Pasta', 2), ('Shrimp', 1)]",512.0,-37.804787,144.9574515,0,8.036,14.8630924
ORDX10136,2021-05-17,12:23:39,Lunch,BK,"[('Burger', 10), ('Fries', 4)]",358.0,-37.8182464,144.9642249,0,7.726,13.5974282
ORDY02473,2021-05-04,12:03:22,Lunch,TP,"[('Fries', 6), ('Salad', 6), ('Steak', 9)]",580.2,-37.8108724,144.9708767,0,8.851,12.5798285
ORDJ08284,2021-04-24,11:43:05,Breakfast,TP,"[('Eggs', 3), ('Cereal', 8)]",223.0,-37.8111305,144.945186,0,9.944,14.990514635515861
ORDY05935,2021-01-14,08:20:16,Breakfast,TP,"[('Pancake', 5), ('Eggs', 10)]",321.25,-37.8035716,145.0113,1,12.64,6.8393464
ORDZ08718,2021-07-29,14:55:46,Lunch,NS,"[('Fries', 4), ('Salad', 10), ('Steak', 8)]",580.0,-37.8233739,144.9787438,0,8.925,14.4200736
ORDC04121,2021-07-19,14:35:29,Lunch,NS,"[('Chicken', 5), ('Fries', 9)]",268.0,-37.8198023,145.011679,0,11.169,16.6863017
ORDZ03727,2021-06-02,13:04:13,Lunch,NS,"[('Burger', 7), ('Steak', 5)]",442.0,-37.8069757,144.9559641,0,8.056,13.780530288809338
ORDA06736,2021-11-27,18:59:09,Dinner,BK,"[('Shrimp', 1), ('Salmon', 8), ('Pasta', 6)]",547.0,-37.8003413,144.9502061,0,8.882,18.5477151
ORDK01154,2021-10-11,17:17:44,Dinner,BK,"[('Shrimp', 2), ('Fish&Chips', 5)]",283.0,-37.8129206,144.9913125,0,5.191,11.7934098
ORDI08415,2021-07-30,14:55:46,Lunch,NS,"[('Salad', 6), ('Fries', 3), ('Burger', 2), ('Chicken', 4)]",329.2,-37.8163425,144.9373093,0,10.031,16.0534137
ORDC00099,2021-06-02,13:04:13,Lunch,NS,"[('Burger', 10), ('Chicken', 3), ('Steak', 5)]",631.0,-37.8077226,144.9567744,0,7.983,13.2342477
ORDJ09592,2021-03-13,10:21:58,Breakfast,TP,"[('Eggs', 10), ('Coffee', 4), ('Cereal', 9), ('Pancake', 8)]",590.0,-37.8176308,144.9811833,0,8.933,14.342583399011467
ORDZ08713,2021-03-12,10:11:49,Breakfast,NS,"[('Coffee', 4), ('Pancake', 3), ('Cereal', 9)]",268.75,-37.8201509,144.9917123,0,9.593,14.2900621
ORDA04098,2021-08-24,15:46:28,Lunch,BK,"[('Fries', 8), ('Burger', 2), ('Salad', 7)]",278.4,-37.820935,144.9433761,0,9.742,14.861056564522897
ORDJ04511,2021-07-03,14:05:04,Lunch,TP,"[('Fries', 1), ('Salad', 2), ('Steak', 9), ('Chicken', 6), ('Burger', 10)]",953.4,-37.8200083,144.9670063,0,7.445,12.3686901
ORDA10021,2021-02-10,09:21:07,Breakfast,BK,"[('Coffee', 7), ('Pancake', 4), ('Eggs', 3)]",190.5,-37.8160237,145.0089436,0,3.785,11.04332523330957
ORDA03299,2021-04-03,11:02:32,Breakfast,BK,"[('Eggs', 5), ('Cereal', 4), ('Pancake', 9), ('Coffee', 6)]",418.25,-37.803208,144.9738755,0,7.011,14.3865989
ORDI03198,2021-07-21,14:35:29,Lunch,NS,"[('Chicken', 2), ('Fries', 10), ('Salad', 7)]",304.4,-37.8173465,145.0054973,0,10.532,15.367352980782513
ORDI00034,2021-02-10,09:10:59,Breakfast,NS,"[('Cereal', 1), ('Pancake', 1), ('Eggs', 1)]",63.25,-37.8049638,144.9919313,0,8.357,13.973435632219648
ORDI09933,2021-01-20,08:30:25,Breakfast,NS,"[('Eggs', 10), ('Pancake', 8)]",388.0,-37.8177144,144.9549266,0,8.965,14.5817918
ORDZ08396,2021-10-17,17:38:01,Dinner,NS,"[('Salmon', 6), ('Pasta', 7), ('Fish&Chips', 4), ('Shrimp', 4)]",794.5,-37.8101648,144.9964801,0,9.12,14.462428246910896
ORDK08530,2021-06-25,13:44:47,Lunch,BK,"[('Chicken', 5), ('Steak', 2), ('Salad', 1), ('Burger', 4), ('Fries', 1)]",403.2,-37.8009647,144.9566486,0,8.308,14.5780122
ORDA08960,2021-02-13,09:21:07,Breakfast,BK,"[('Pancake', 9), ('Eggs', 5), ('Coffee', 2), ('Cereal', 6)]",436.25,-37.8086572,144.9708607,0,6.801,14.1992366
ORDK05691,2021-01-12,08:20:16,Breakfast,BK,"[('Coffee', 7), ('Eggs', 9)]",227.5,-37.823757,144.9475243,1,9.471,7.040302823705229
ORDI03833,2021-07-21,14:35:29,Lunch,NS,"[('Fries', 1), ('Burger', 3), ('Steak', 6), ('Salad', 1), ('Chicken', 6)]",584.2,-37.8174936,145.0040173,0,10.431,15.8734003
ORDK02974,2021-05-09,12:13:31,Lunch,BK,"[('Fries', 8), ('Salad', 4), ('Steak', 10)]",614.8,-37.8250893,144.9571519,0,8.828,16.9228364
ORDZ08087,2021-01-05,08:00:00,Breakfast,NS,"[('Cereal', 9), ('Pancake', 9), ('Coffee', 2), ('Eggs', 2)]",433.25,-37.813108,145.0048491,1,10.089,7.2698159
ORDJ05938,2021-01-01,08:00:00,Breakfast,TP,"[('Pancake', 8), ('Eggs', 8), ('Cereal', 10)]",546.0,-37.8227378,144.9851622,1,9.318,5.8877602
ORDZ07498,2021-04-14,11:22:49,Breakfast,NS,"[('Cereal', 1), ('Eggs', 9), ('Coffee', 1)]",214.5,-37.8214208,144.9844579,0,9.198,14.1428071
ORDJ01002,2021-08-20,15:36:20,Lunch,TP,"[('Steak', 9), ('Burger', 8), ('Chicken', 1)]",685.0,-37.8080908,144.9766508,0,9.3,12.3279763
ORDA03252,2021-09-14,16:27:02,Dinner,BK,"[('Fish&Chips', 9), ('Salmon', 4), ('Shrimp', 10)]",1019.0,-37.8251086,144.9918508,0,6.801,13.7661554
ORDA10835,2021-04-27,11:43:05,Breakfast,BK,"[('Coffee', 9), ('Pancake', 10)]",272.0,-37.8053753,144.9347304,0,10.105,14.8242125
ORDC03781,2021-02-13,09:21:07,Breakfast,NS,"[('Coffee', 3), ('Eggs', 4), ('Pancake', 1), ('Cereal', 7)]",262.75,-37.8128792,144.9716044,0,7.578,14.1745885
ORDZ08664,2021-03-11,10:11:49,Breakfast,NS,"[('Cereal', 6), ('Coffee', 9), ('Pancake', 5), ('Eggs', 6)]",406.75,-37.8180481,145.0038283,0,10.46,15.680852
ORDK08768,2021-05-10,12:13:31,Lunch,BK,"[('Fries', 9), ('Burger', 8), ('Chicken', 2), ('Steak', 10)]",870.0,-37.822312,144.9524743,0,9.013,15.0352701
ORDA04322,2021-12-10,19:19:26,Dinner,BK,"[('Shrimp', 7), ('Pasta', 2), ('Salmon', 10)]",843.0,-37.8095522,144.9645624,0,7.336,13.319095580319562
ORDA05831,2021-12-08,19:19:26,Dinner,BK,"[('Salmon', 1), ('Shrimp', 4), ('Pasta', 5)]",394.5,-37.818168,144.9651264,0,7.636,14.6555123
ORDJ07978,2021-09-03,16:06:45,Dinner,TP,"[('Pasta', 8), ('Shrimp', 6), ('Salmon', 10), ('Fish&Chips', 2)]",1024.0,-37.825186,144.9538844,0,8.736,14.21632973571635
ORDB09033,2021-11-10,18:18:35,Dinner,TP,"[('Pasta', 5), ('Fish&Chips', 3)]",242.5,-37.8036139,144.9496916,0,9.934,13.8807464
ORDA00148,2021-04-10,11:12:40,Breakfast,BK,"[('Eggs', 3), ('Cereal', 8)]",223.0,-37.8246356,144.9466172,0,9.606,17.5496633
ORDC02963,2021-12-26,19:49:51,Dinner,NS,"[('Salmon', 8), ('Shrimp', 5), ('Fish&Chips', 1), ('Pasta', 5)]",770.5,-37.8148712,144.9271562,0,10.833,18.4871301
ORDZ00621,2021-01-21,08:40:33,Breakfast,NS,"[('Cereal', 2), ('Eggs', 3)]",103.0,-37.8162951,144.960581,0,8.523,13.7687137
ORDY10004,2021-01-23,08:40:33,Breakfast,TP,"[('Pancake', 9), ('Coffee', 7), ('Cereal', 7)]",378.75,-37.8110719,144.960791,0,8.496,12.9367474
ORDZ02264,2021-09-13,16:27:02,Dinner,NS,"[('Shrimp', 6), ('Fish&Chips', 7), ('Pasta', 1), ('Salmon', 6)]",842.5,-37.8050539,144.9713636,0,6.951,13.3081666
ORDA10796,2021-10-21,17:38:01,Dinner,BK,"[('Fish&Chips', 5), ('Salmon', 6)]",421.0,-37.8130519,144.9739889,0,6.817,13.6590524
ORDB10141,2021-06-17,13:34:38,Lunch,TP,"[('Fries', 5), ('Burger', 6)]",246.0,-37.8090031,144.9449882,0,9.897,14.960393203156112
ORDK05884,2021-06-27,13:54:55,Lunch,BK,"[('Burger', 2), ('Steak', 1)]",107.0,-37.8039058,144.9978162,0,4.978,12.9906043
ORDJ10439,2021-06-16,13:24:30,Lunch,TP,"[('Chicken', 7), ('Salad', 8), ('Steak', 9), ('Burger', 7)]",983.6,-37.8089395,144.9729125,0,9.131,12.4672227
ORDI01024,2021-10-16,17:27:53,Dinner,NS,"[('Shrimp', 5), ('Fish&Chips', 2), ('Salmon', 1)]",381.0,-37.8187556,144.9529046,0,10.119,18.1600672
ORDC04488,2021-05-12,12:13:31,Lunch,NS,"[('Burger', 3), ('Chicken', 3), ('Fries', 2), ('Steak', 1), ('Salad', 9)]",412.8,-37.8177366,144.9669261,0,8.38,14.1091175
ORDI06637,2021-12-25,19:49:51,Dinner,NS,"[('Fish&Chips', 9), ('Shrimp', 10)]",855.0,-37.818828,144.9622987,0,8.743,16.940706
ORDK09614,2021-07-21,14:35:29,Lunch,BK,"[('Fries', 7), ('Steak', 9), ('Burger', 2)]",551.0,-37.8178978,144.9929822,0,5.405,11.3856784
ORDK02476,2021-07-17,14:35:29,Lunch,BK,"[('Fries', 7), ('Chicken', 4), ('Steak', 1), ('Salad', 3), ('Burger', 5)]",463.6,-37.8196932,145.0106718,0,4.377,12.7729815
ORDB08120,2021-12-30,20:00:00,Dinner,TP,"[('Fish&Chips', 7), ('Pasta', 5)]",382.5,-37.8202411,145.0151131,0,11.951,15.7232357
ORDY08272,2021-05-27,12:43:56,Lunch,TP,"[('Steak', 7), ('Salad', 9)]",469.8,-37.8208424,144.9672056,0,7.572,10.9766691
ORDI06858,2021-05-19,12:33:48,Lunch,NS,"[('Salad', 5), ('Steak', 3), ('Fries', 3), ('Burger', 7)]",474.0,-37.8141994,144.9497243,0,10.404,15.285320143717662
ORDY02143,2021-01-20,08:30:25,Breakfast,TP,"[('Pancake', 5), ('Eggs', 3), ('Coffee', 10)]",229.25,-37.8179092,144.954252,0,8.475,11.4862939
ORDA01085,2021-08-26,15:46:28,Lunch,BK,"[('Salad', 1), ('Steak', 1), ('Burger', 1)]",93.2,-37.8130728,144.9635301,0,7.679,12.8540908
ORDB02666,2021-01-21,08:40:33,Breakfast,TP,"[('Coffee', 5), ('Pancake', 2), ('Eggs', 1), ('Cereal', 8)]",253.0,-37.8236869,144.9785776,0,8.323,10.9323487
ORDA04612,2021-07-08,14:15:12,Lunch,BK,"[('Chicken', 1), ('Steak', 6), ('Salad', 1), ('Burger', 1), ('Fries', 9)]",458.2,-37.8137617,144.9378304,0,10.222,15.16867970351608
ORDC08436,2021-07-03,14:05:04,Lunch,NS,"[('Salad', 6), ('Steak', 5), ('Chicken', 2), ('Burger', 2)]",454.2,-37.8236313,144.9673422,0,9.082,16.3028907
ORDB01247,2021-06-12,13:24:30,Lunch,TP,"[('Burger', 2), ('Fries', 10), ('Salad', 10), ('Chicken', 6)]",546.0,-37.8253631,144.9846581,0,8.989,14.093147
ORDC02778,2021-03-03,10:01:41,Breakfast,NS,"[('Pancake', 5), ('Coffee', 10)]",166.25,-37.8119931,144.9384048,0,9.785,14.88861447072437
ORDY03548,2021-02-10,09:21:07,Breakfast,TP,"[('Cereal', 8), ('Coffee', 3), ('Pancake', 3)]",243.25,-37.8156597,145.0116776,0,11.964,14.3614973
ORDJ05521,2021-02-18,09:31:16,Breakfast,TP,"[('Pancake', 2), ('Coffee', 8), ('Cereal', 9)]",268.5,-37.8117705,144.97473,0,8.809,11.7674601
ORDB00766,2021-11-25,18:49:00,Dinner,TP,"[('Shrimp', 8), ('Pasta', 5)]",569.5,-37.8217497,144.9367564,0,9.841,13.8765144
ORDY07997,2021-06-22,13:44:47,Lunch,TP,"[('Burger', 5), ('Salad', 4), ('Chicken', 5), ('Fries', 8), ('Steak', 10)]",929.8,-37.8048995,144.9508758,0,9.694,12.7705418
ORDY02088,2021-09-22,16:47:19,Dinner,TP,"[('Shrimp', 1), ('Fish&Chips', 5), ('Pasta', 6), ('Salmon', 2)]",476.0,-37.815446,144.9870912,0,9.597,14.768128741285373
ORDJ07155,2021-08-13,15:26:11,Lunch,TP,"[('Chicken', 2), ('Salad', 3), ('Burger', 7), ('Fries', 8)]",428.6,-37.8147599,144.9485027,0,9.232,12.8602171
ORDI09615,2021-10-07,17:17:44,Dinner,NS,"[('Fish&Chips', 1), ('Shrimp', 9)]",521.0,-37.8024487,144.9631495,0,6.963,13.0113404
ORDZ00518,2021-07-09,14:15:12,Lunch,NS,"[('Salad', 9), ('Fries', 10)]",274.8,-37.8135741,144.9411848,0,9.5,15.0354955
ORDZ06508,2021-01-21,08:40:33,Breakfast,NS,"[('Cereal', 2), ('Coffee', 1)]",45.5,-37.8147513,144.96288,0,8.271,13.072349
ORDZ09189,2021-08-27,15:56:37,Lunch,NS,"[('Chicken', 1), ('Salad', 6), ('Burger', 3), ('Fries', 3), ('Steak', 1)]",309.2,-37.8022607,145.0030866,0,9.24,14.539334031659191
ORDK05110,2021-11-13,18:28:43,Dinner,BK,"[('Fish&Chips', 6), ('Salmon', 10)]",620.0,-37.8195376,144.9637189,0,7.91,13.686961584032245
ORDA03645,2021-03-22,10:32:06,Breakfast,BK,"[('Cereal', 3), ('Coffee', 10)]",115.0,-37.7989197,144.9839018,0,6.586,11.622254
ORDI07810,2021-01-12,08:20:16,Breakfast,NS,"[('Coffee', 5), ('Pancake', 7), ('Cereal', 5), ('Eggs', 1)]",304.25,-37.8172224,144.9490057,1,9.413,6.7553649
ORDI04585,2021-05-11,12:13:31,Lunch,NS,"[('Fries', 9), ('Salad', 9), ('Steak', 10), ('Chicken', 10)]",1032.8,-37.8179891,144.9620086,0,8.638,14.6335773
ORDY03489,2021-04-16,11:22:49,Breakfast,TP,"[('Coffee', 2), ('Cereal', 8), ('Pancake', 8), ('Eggs', 5)]",454.0,-37.824397,144.9885463,0,9.196,14.511135243918151
ORDI11042,2021-12-03,19:09:17,Dinner,NS,"[('Salmon', 7), ('Fish&Chips', 3), ('Shrimp', 8), ('Pasta', 1)]",851.5,-37.8156175,144.9657244,0,8.146,14.030481
ORDZ03932,2021-02-13,09:21:07,Breakfast,NS,"[('Coffee', 7), ('Cereal', 9), ('Pancake', 4)]",307.5,-37.823433,144.9688509,0,9.035,15.7543553
ORDA09023,2021-02-22,09:41:24,Breakfast,BK,"[('Eggs', 9), ('Pancake', 10)]",411.5,-37.8007248,144.9511147,0,8.868,14.2301054
ORDK07400,2021-02-02,09:00:50,Breakfast,BK,"[('Eggs', 10), ('Coffee', 8)]",254.0,-37.8232964,144.969899,0,7.981,13.732464173341654
ORDA10435,2021-04-02,11:02:32,Breakfast,BK,"[('Eggs', 9), ('Coffee', 10), ('Pancake', 3), ('Cereal', 1)]",330.75,-37.8004027,145.0135148,0,4.851,9.5803678
ORDC07766,2021-05-09,12:13:31,Lunch,NS,"[('Steak', 4), ('Chicken', 1), ('Burger', 10), ('Fries', 7)]",606.0,-37.8237,144.9563143,0,9.589,17.3096377
ORDY02603,2021-09-13,16:27:02,Dinner,TP,"[('Pasta', 1), ('Shrimp', 10)]",567.5,-37.8200911,145.0024237,0,10.913,14.6069136
ORDY04122,2021-03-25,10:42:15,Breakfast,TP,"[('Coffee', 10), ('Eggs', 1), ('Pancake', 2)]",120.5,-37.7998537,144.9762149,0,10.244,12.7782241
ORDB03753,2021-07-23,14:45:38,Lunch,TP,"[('Salad', 5), ('Fries', 10), ('Chicken', 1)]",238.0,-37.8201764,144.9578324,0,7.922,13.694652162507074
ORDY09237,2021-01-06,08:10:08,Breakfast,TP,"[('Cereal', 10), ('Coffee', 6), ('Pancake', 10)]",455.5,-37.822363,144.9502368,1,8.638,5.4412427
ORDZ10630,2021-04-15,11:22:49,Breakfast,NS,"[('Pancake', 2), ('Eggs', 2)]",86.5,-37.8189685,144.9849984,0,8.975,14.369500423673372
ORDB00854,2021-02-05,09:00:50,Breakfast,TP,"[('Coffee', 4), ('Pancake', 4), ('Eggs', 2), ('Cereal', 6)]",273.0,-37.8115093,144.9686768,0,8.647,11.6029735
ORDB03514,2021-07-12,14:15:12,Lunch,TP,"[('Salad', 10), ('Fries', 1), ('Chicken', 3), ('Steak', 6)]",550.0,-37.8133687,144.9650409,0,8.223,13.887557505917384
ORDB08737,2021-12-29,20:00:00,Dinner,TP,"[('Fish&Chips', 5), ('Salmon', 6), ('Pasta', 5)]",558.5,-37.8082508,144.9786966,0,9.418,14.2754949
ORDZ08528,2021-06-17,13:34:38,Lunch,NS,"[('Fries', 10), ('Salad', 2)]",154.4,-37.8053582,144.9734661,0,6.791,12.5737762
ORDJ06774,2021-05-20,12:33:48,Lunch,TP,"[('Steak', 2), ('Chicken', 4), ('Fries', 7), ('Burger', 4), ('Salad', 5)]",512.0,-37.814798,144.9361659,0,10.535,13.562897
ORDC04463,2021-04-22,11:43:05,Breakfast,NS,"[('Coffee', 2), ('Cereal', 6), ('Eggs', 4), ('Pancake', 1)]",237.25,-37.8206586,144.9539071,0,9.448,14.1399946
ORDK06980,2021-04-30,11:53:14,Breakfast,BK,"[('Cereal', 6), ('Coffee', 2), ('Pancake', 5), ('Eggs', 10)]",452.25,-37.807576,144.9398721,0,10.03,14.5500723
ORDI01533,2021-10-21,17:38:01,Dinner,NS,"[('Pasta', 9), ('Fish&Chips', 6)]",457.5,-37.8097495,144.9914244,0,8.679,14.951109
ORDA10276,2021-03-01,09:51:32,Breakfast,BK,"[('Pancake', 1), ('Coffee', 9), ('Cereal', 1)]",91.75,-37.8025296,144.979472,0,6.676,11.7466856
ORDJ08457,2021-05-23,12:43:56,Lunch,TP,"[('Steak', 2), ('Salad', 9), ('Burger', 7)]",461.8,-37.811788,144.9567909,0,8.645,13.4835453
ORDZ01997,2021-01-11,08:20:16,Breakfast,NS,"[('Pancake', 3), ('Cereal', 2), ('Eggs', 3), ('Coffee', 5)]",197.25,-37.8179149,144.9505662,1,9.558,6.3942637
ORDA06362,2021-10-13,17:27:53,Dinner,BK,"[('Salmon', 4), ('Fish&Chips', 10)]",514.0,-37.8195447,144.9969251,0,5.21,12.2037103
ORDA08537,2021-05-09,12:13:31,Lunch,BK,"[('Salad', 10), ('Steak', 2), ('Burger', 6), ('Fries', 3)]",484.0,-37.8165955,144.9668739,0,7.514,15.9451816
ORDB04916,2021-04-02,11:02:32,Breakfast,TP,"[('Cereal', 4), ('Coffee', 2)]",91.0,-37.8076947,144.9897434,0,10.33,15.237894909789548
ORDI01929,2021-09-01,16:06:45,Dinner,NS,"[('Salmon', 10), ('Fish&Chips', 9), ('Shrimp', 6)]",1049.0,-37.8079398,144.9733751,0,7.099,14.0154609
ORDK01955,2021-01-07,08:10:08,Breakfast,BK,"[('Eggs', 5), ('Cereal', 4), ('Pancake', 5)]",296.25,-37.8002879,144.9367364,1,10.371,7.7368849
ORDZ00209,2021-05-07,12:03:22,Lunch,NS,"[('Chicken', 6), ('Steak', 3), ('Fries', 10), ('Burger', 2)]",509.0,-37.8215607,144.9551428,0,9.481,15.0663583
ORDY00557,2021-05-18,12:33:48,Lunch,TP,"[('Steak', 9), ('Salad', 1), ('Burger', 2), ('Fries', 7), ('Chicken', 10)]",888.2,-37.8020357,144.9824299,0,10.37,13.0566972
ORDY10371,2021-01-13,08:20:16,Breakfast,TP,"[('Pancake', 5), ('Eggs', 7)]",258.25,-37.8227358,144.9554582,1,8.194,5.9697945
ORDY09185,2021-03-27,10:42:15,Breakfast,TP,"[('Pancake', 8), ('Cereal', 7)]",318.0,-37.8140963,144.9935237,0,10.346,13.7543704
ORDY04185,2021-03-08,10:11:49,Breakfast,TP,"[('Pancake', 3), ('Cereal', 6), ('Eggs', 1), ('Coffee', 6)]",240.75,-37.7995965,144.9695882,0,10.088,13.1789471
ORDA00319,2021-02-15,09:31:16,Breakfast,BK,"[('Pancake', 4), ('Coffee', 7)]",127.5,-37.8247719,145.0073524,0,4.778,9.5128188
ORDI06238,2021-07-20,14:35:29,Lunch,NS,"[('Steak', 10), ('Burger', 10), ('Chicken', 9), ('Fries', 9), ('Salad', 3)]",1207.6,-37.8144638,145.007796,0,10.488,16.2518354
ORDX07779,2021-03-27,10:42:15,Breakfast,BK,"[('Coffee', 6), ('Eggs', 9), ('Pancake', 5), ('Cereal', 5)]",433.25,-37.8105086,144.996009,0,4.747,11.5918139
ORDJ05003,2021-08-01,14:55:46,Lunch,TP,"[('Steak', 2), ('Salad', 6), ('Fries', 8)]",289.2,-37.821085,144.9610726,0,7.472,12.9213473
ORDZ06693,2021-02-27,09:51:32,Breakfast,NS,"[('Cereal', 5), ('Pancake', 5)]",211.25,-37.8116759,144.9454851,0,9.488,16.1687989
ORDA02325,2021-02-28,09:51:32,Breakfast,BK,"[('Eggs', 3), ('Pancake', 7), ('Cereal', 3)]",278.75,-37.8197198,144.9486245,0,9.301,14.57842780557291
ORDB09836,2021-07-20,14:35:29,Lunch,TP,"[('Chicken', 5), ('Fries', 3), ('Salad', 2), ('Steak', 9), ('Burger', 7)]",852.4,-37.8173257,145.0080576,0,11.486,15.978753969531466
ORDJ03650,2021-03-21,10:32:06,Breakfast,TP,"[('Pancake', 8), ('Coffee', 4), ('Eggs', 4)]",284.0,-37.8154817,144.9454612,0,9.509,13.5092728
ORDY02882,2021-04-07,11:12:40,Breakfast,TP,"[('Cereal', 10), ('Eggs', 2), ('Pancake', 9)]",442.25,-37.8216102,144.9439044,0,9.426,14.658537998019051
ORDI00342,2021-11-17,18:38:52,Dinner,NS,"[('Salmon', 5), ('Pasta', 9)]",452.5,-37.8122495,144.951929,0,8.647,14.6871728
ORDJ10852,2021-07-16,14:25:21,Lunch,TP,"[('Fries', 6), ('Salad', 4), ('Burger', 4), ('Steak', 5)]",489.8,-37.8160502,144.9723151,0,8.194,11.4331105
ORDZ01000,2021-12-11,19:29:34,Dinner,NS,"[('Shrimp', 8), ('Salmon', 6), ('Fish&Chips', 10), ('Pasta', 10)]",1303.0,-37.8101116,144.9621865,0,7.573,15.3465772
ORDJ04997,2021-08-31,15:56:37,Lunch,TP,"[('Salad', 8), ('Burger', 2), ('Fries', 9), ('Steak', 9)]",712.6,-37.8095146,144.963777,0,8.662,11.7294719
ORDI03410,2021-12-07,19:19:26,Dinner,NS,"[('Fish&Chips', 2), ('Pasta', 6), ('Shrimp', 3), ('Salmon', 4)]",561.0,-37.8123144,144.9617155,0,7.884,13.9508941
ORDB05260,2021-10-10,17:17:44,Dinner,TP,"[('Salmon', 6), ('Shrimp', 3), ('Pasta', 9)]",655.5,-37.8052299,144.9369713,0,10.702,16.096148
ORDK03428,2021-07-19,14:35:29,Lunch,BK,"[('Steak', 5), ('Fries', 9), ('Chicken', 2), ('Salad', 9), ('Burger', 6)]",737.8,-37.8187231,145.0037836,0,4.513,10.0198807
ORDC07666,2021-11-06,18:18:35,Dinner,NS,"[('Shrimp', 10), ('Salmon', 8), ('Pasta', 9)]",1115.5,-37.817425,144.952635,0,9.051,17.0342095
ORDX10801,2021-03-25,10:42:15,Breakfast,BK,"[('Pancake', 2), ('Eggs', 6), ('Cereal', 9)]",350.5,-37.8080907,144.9366292,0,10.2,15.2626542
ORDJ01413,2021-11-04,18:08:27,Dinner,TP,"[('Pasta', 6), ('Shrimp', 8)]",597.0,-37.8027833,145.0021507,0,11.865,15.9342648
ORDA10015,2021-02-15,09:31:16,Breakfast,BK,"[('Cereal', 2), ('Coffee', 10)]",95.0,-37.823749,145.0088206,0,4.761,9.4194952
ORDY10010,2021-02-18,09:31:16,Breakfast,TP,"[('Eggs', 10), ('Coffee', 10), ('Cereal', 1), ('Pancake', 1)]",307.25,-37.8278943,144.9502257,0,8.72,11.2750546
ORDX07235,2021-09-29,16:57:27,Dinner,BK,"[('Shrimp', 1), ('Pasta', 6), ('Fish&Chips', 6)]",429.0,-37.8066915,144.9452774,0,9.317,16.1372881
ORDC04988,2021-04-12,11:12:40,Breakfast,NS,"[('Eggs', 5), ('Coffee', 8), ('Pancake', 3), ('Cereal', 3)]",275.75,-37.8191155,144.9849018,0,8.99,14.379113646766909
ORDC10474,2021-11-27,18:59:09,Dinner,NS,"[('Fish&Chips', 1), ('Shrimp', 3), ('Salmon', 3)]",320.0,-37.7993409,145.0019329,0,9.712,17.8168234
ORDZ03605,2021-09-09,16:16:54,Dinner,NS,"[('Fish&Chips', 5), ('Salmon', 7), ('Shrimp', 2)]",570.0,-37.81127,145.0019469,0,9.814,16.0442257
ORDX10712,2021-08-29,15:56:37,Lunch,BK,"[('Steak', 4), ('Salad', 9)]",334.8,-37.8145912,144.9469568,0,8.987,17.4431716
ORDX00615,2021-09-16,16:37:10,Dinner,BK,"[('Pasta', 3), ('Shrimp', 8)]",514.5,-37.8014705,144.9578627,0,8.367,15.6647343
ORDZ07576,2021-08-12,15:26:11,Lunch,NS,"[('Chicken', 10), ('Salad', 5), ('Fries', 3), ('Burger', 5), ('Steak', 1)]",642.0,-37.8003145,144.9541207,0,7.612,12.7781827
ORDB02927,2021-07-20,14:35:29,Lunch,TP,"[('Fries', 9), ('Burger', 7)]",325.0,-37.8187269,145.001466,0,10.719,13.7153858
ORDJ06525,2021-01-29,08:50:42,Breakfast,TP,"[('Eggs', 4), ('Pancake', 7), ('Coffee', 10), ('Cereal', 9)]",474.75,-37.8073834,144.9941797,0,10.767,13.2765111
ORDB09123,2021-10-21,17:38:01,Dinner,TP,"[('Fish&Chips', 3), ('Salmon', 7), ('Shrimp', 8)]",824.0,-37.8110202,145.0005778,0,11.05,14.6555142
ORDK05247,2021-09-17,16:37:10,Dinner,BK,"[('Salmon', 8), ('Pasta', 9), ('Fish&Chips', 5), ('Shrimp', 2)]",858.5,-37.8005187,145.0018179,0,5.102,11.88736622092212
ORDC10614,2021-12-13,19:29:34,Dinner,NS,"[('Pasta', 3), ('Salmon', 7), ('Shrimp', 8), ('Fish&Chips', 7)]",1046.5,-37.8147838,144.9688593,0,7.875,13.6754732
ORDI09033,2021-05-13,12:23:39,Lunch,NS,"[('Steak', 2), ('Salad', 5), ('Chicken', 9), ('Burger', 3)]",557.0,-37.8109478,144.9631839,0,7.709,13.7697587
ORDX00521,2021-11-18,18:38:52,Dinner,BK,"[('Pasta', 8), ('Salmon', 4), ('Fish&Chips', 8)]",664.0,-37.8123285,144.9522112,0,8.589,15.4823725
ORDA01471,2021-01-20,08:30:25,Breakfast,BK,"[('Cereal', 6), ('Coffee', 10)]",175.0,-37.8168308,144.9565622,0,8.421,14.014452050752071
ORDI00545,2021-05-06,12:03:22,Lunch,NS,"[('Fries', 7), ('Burger', 3), ('Chicken', 8)]",433.0,-37.8200673,144.9586124,0,9.096,14.3680898
ORDI02790,2021-07-19,14:35:29,Lunch,NS,"[('Salad', 1), ('Chicken', 4), ('Fries', 4), ('Steak', 10), ('Burger', 3)]",736.2,-37.8202377,145.01446,0,11.422,16.8455789
ORDX09269,2021-05-20,12:33:48,Lunch,BK,"[('Salad', 9), ('Steak', 1), ('Burger', 4)]",323.8,-37.8131612,144.9384008,0,9.87,15.3169355
ORDC08399,2021-04-06,11:02:32,Breakfast,NS,"[('Coffee', 9), ('Pancake', 6), ('Cereal', 8), ('Eggs', 6)]",469.0,-37.8137969,144.9883813,0,8.86,14.0014742
ORDK00546,2021-03-20,10:32:06,Breakfast,BK,"[('Pancake', 1), ('Cereal', 5)]",122.25,-37.804029,144.976945,0,6.675,13.767403
ORDB01920,2021-11-18,18:38:52,Dinner,TP,"[('Salmon', 8), ('Shrimp', 4)]",544.0,-37.8116708,144.9527928,0,9.023,13.3887286
ORDJ00705,2021-05-29,12:54:05,Lunch,TP,"[('Fries', 9), ('Steak', 8), ('Burger', 1), ('Chicken', 7)]",723.0,-37.8131489,144.971519,0,8.568,13.4682524
ORDK01195,2021-04-10,11:12:40,Breakfast,BK,"[('Coffee', 2), ('Eggs', 5), ('Cereal', 3)]",176.0,-37.8246085,144.9466327,0,9.61,16.8487175
ORDA11080,2021-01-29,08:50:42,Breakfast,BK,"[('Eggs', 2), ('Cereal', 5)]",142.0,-37.8056421,144.9712407,0,6.841,11.691377
ORDA03360,2021-02-27,09:51:32,Breakfast,BK,"[('Cereal', 1), ('Coffee', 5), ('Eggs', 10), ('Pancake', 1)]",279.75,-37.8219348,144.9542982,0,8.745,14.22209766957247
ORDJ00550,2021-04-19,11:32:57,Breakfast,TP,"[('Eggs', 4), ('Pancake', 6), ('Coffee', 4), ('Cereal', 8)]",399.5,-37.8196565,144.9754744,0,8.366,11.2178928
ORDB06205,2021-08-26,15:46:28,Lunch,TP,"[('Burger', 2), ('Steak', 7)]",377.0,-37.8217698,144.9368437,0,9.833,14.919376784623688
ORDK02802,2021-09-07,16:16:54,Dinner,BK,"[('Fish&Chips', 6), ('Salmon', 6)]",456.0,-37.8038685,144.9535998,0,8.435,15.0453917
ORDC00085,2021-01-15,08:20:16,Breakfast,NS,"[('Cereal', 4), ('Eggs', 9), ('Pancake', 6)]",402.5,-37.8142605,144.943144,1,9.436,6.8638951
ORDZ09670,2021-09-23,16:47:19,Dinner,NS,"[('Fish&Chips', 7), ('Pasta', 9), ('Shrimp', 6), ('Salmon', 3)]",939.5,-37.8100517,144.9836969,0,8.116,14.3443755
ORDI04652,2021-05-09,12:13:31,Lunch,NS,"[('Burger', 10), ('Steak', 2)]",400.0,-37.821204,144.9581619,0,9.226,16.9154963
ORDI02775,2021-09-05,16:06:45,Dinner,NS,"[('Shrimp', 3), ('Fish&Chips', 1)]",197.0,-37.8055328,144.9988036,0,8.979,16.4276452
ORDA10559,2021-09-19,16:37:10,Dinner,BK,"[('Pasta', 8), ('Shrimp', 10)]",760.0,-37.8235056,144.9431456,0,9.973,19.3473264
ORDZ04837,2021-02-05,09:10:59,Breakfast,NS,"[('Cereal', 1), ('Eggs', 9), ('Coffee', 3)]",225.5,-37.8108611,144.9688291,0,7.46,12.6147082
ORDX09307,2021-03-24,10:42:15,Breakfast,BK,"[('Cereal', 4), ('Eggs', 2)]",122.0,-37.8209222,144.9653813,0,7.973,12.5206843
ORDY10253,2021-12-14,19:29:34,Dinner,TP,"[('Fish&Chips', 1), ('Salmon', 4), ('Pasta', 6), ('Shrimp', 1)]",418.0,-37.8130921,144.9708751,0,8.538,12.8987934
ORDK10642,2021-10-07,17:17:44,Dinner,BK,"[('Pasta', 8), ('Salmon', 5), ('Shrimp', 3)]",587.0,-37.8023972,144.9633598,0,7.818,13.628000482391885
ORDK05014,2021-05-25,12:43:56,Lunch,BK,"[('Burger', 2), ('Salad', 8), ('Fries', 4), ('Chicken', 7), ('Steak', 1)]",516.6,-37.8104487,144.9418731,0,10.667,16.6015217
ORDX03313,2021-11-04,18:08:27,Dinner,BK,"[('Fish&Chips', 4), ('Pasta', 9), ('Shrimp', 6)]",711.5,-37.8092956,144.9476067,0,9.021,16.2575083
ORDX08849,2021-12-31,20:00:00,Dinner,BK,"[('Fish&Chips', 9), ('Pasta', 5), ('Salmon', 7)]",739.5,-37.8097621,144.97591,0,6.547,13.1425582
ORDA04428,2021-09-09,16:16:54,Dinner,BK,"[('Shrimp', 5), ('Pasta', 7), ('Salmon', 10), ('Fish&Chips', 7)]",1117.5,-37.8110053,144.9901675,0,5.112,12.2837217
ORDK10383,2021-01-27,08:50:42,Breakfast,BK,"[('Coffee', 1), ('Cereal', 2)]",45.5,-37.810693,145.0110926,0,4.014,11.190087105870901
ORDA09900,2021-03-25,10:42:15,Breakfast,BK,"[('Pancake', 10), ('Cereal', 3)]",282.5,-37.7993318,144.9763031,0,7.176,11.7882277
ORDJ03988,2021-06-25,13:44:47,Lunch,TP,"[('Steak', 1), ('Fries', 4), ('Salad', 2), ('Burger', 4), ('Chicken', 1)]",283.4,-37.8168985,145.0141518,0,12.113,15.3169028
ORDA08330,2021-02-24,09:41:24,Breakfast,BK,"[('Coffee', 9), ('Cereal', 4), ('Pancake', 1), ('Eggs', 6)]",277.75,-37.8120344,144.9492301,0,8.776,14.241964997299114
ORDY07792,2021-10-10,17:17:44,Dinner,TP,"[('Salmon', 5), ('Pasta', 3), ('Fish&Chips', 8), ('Shrimp', 2)]",675.5,-37.8064703,144.9630062,0,9.022,14.7029447
ORDJ04861,2021-05-27,12:43:56,Lunch,TP,"[('Salad', 3), ('Chicken', 7), ('Burger', 2), ('Steak', 1)]",382.6,-37.8241808,144.9692607,0,8.15,13.840773153528836
ORDC05958,2021-07-14,14:25:21,Lunch,NS,"[('Steak', 1), ('Chicken', 1)]",77.0,-37.8166082,144.9825251,0,8.61,14.0677949
ORDI03872,2021-11-19,18:38:52,Dinner,NS,"[('Shrimp', 7), ('Salmon', 9), ('Fish&Chips', 3)]",852.0,-37.812211,144.9531266,0,8.474,14.7770368
ORDY00002,2021-04-04,11:02:32,Breakfast,TP,"[('Cereal', 8), ('Coffee', 4), ('Eggs', 9)]",371.0,-37.8234574,144.9358566,0,9.954,13.2566825
ORDJ09560,2021-07-29,14:55:46,Lunch,TP,"[('Fries', 3), ('Steak', 3), ('Chicken', 10), ('Salad', 5), ('Burger', 6)]",763.0,-37.8263746,144.9811628,0,9.173,14.49639496850806
ORDK10275,2021-07-27,14:45:38,Lunch,BK,"[('Fries', 9), ('Steak', 2), ('Salad', 6)]",301.2,-37.8004564,144.9640381,0,7.98,13.3933583
ORDA05715,2021-10-13,17:27:53,Dinner,BK,"[('Shrimp', 10), ('Pasta', 7), ('Fish&Chips', 7), ('Salmon', 10)]",1387.5,-37.8195447,144.9969251,0,5.21,11.8408194
ORDJ06879,2021-08-11,15:16:03,Lunch,TP,"[('Burger', 10), ('Chicken', 5)]",470.0,-37.8159398,144.9610629,0,8.109,11.5862734
ORDC08106,2021-09-07,16:16:54,Dinner,NS,"[('Salmon', 6), ('Shrimp', 6), ('Fish&Chips', 2), ('Pasta', 4)]",750.0,-37.7994183,144.9547368,0,7.518,13.6717572
ORDJ02280,2021-07-25,14:45:38,Lunch,TP,"[('Burger', 6), ('Salad', 4), ('Chicken', 10), ('Steak', 2), ('Fries', 9)]",772.8,-37.821922,144.9737985,0,8.162,13.0006002
ORDC01860,2021-09-10,16:16:54,Dinner,NS,"[('Pasta', 7), ('Shrimp', 10), ('Salmon', 4)]",896.5,-37.7989073,144.9700089,0,6.302,12.7135338
ORDA07364,2021-04-08,11:12:40,Breakfast,BK,"[('Coffee', 9), ('Pancake', 6), ('Eggs', 7)]",330.0,-37.8001032,145.0050381,0,4.875,11.741886111439925
ORDY07832,2021-02-24,09:41:24,Breakfast,TP,"[('Coffee', 6), ('Pancake', 1)]",55.25,-37.8113172,144.9494236,0,9.396,11.8459009
ORDY00982,2021-07-31,14:55:46,Lunch,TP,"[('Steak', 7), ('Salad', 10), ('Chicken', 4)]",615.0,-37.8204739,144.9791163,0,8.821,13.5669878
ORDC02357,2021-03-20,10:32:06,Breakfast,NS,"[('Pancake', 8), ('Cereal', 10)]",378.0,-37.8084848,144.925964,0,10.216,16.8140478
ORDX10400,2021-05-28,12:54:05,Lunch,BK,"[('Salad', 5), ('Chicken', 4)]",214.0,-37.8204838,144.9661266,0,7.963,14.0498168
ORDI06995,2021-10-14,17:27:53,Dinner,NS,"[('Fish&Chips', 3), ('Pasta', 9), ('Salmon', 3), ('Shrimp', 5)]",745.5,-37.8097707,144.9639806,0,7.429,13.378697563499493
ORDI02259,2021-04-23,11:43:05,Breakfast,NS,"[('Eggs', 5), ('Pancake', 5), ('Coffee', 5), ('Cereal', 7)]",383.75,-37.8159075,144.9509388,0,10.091,14.9613381
ORDJ07626,2021-11-19,18:38:52,Dinner,TP,"[('Pasta', 9), ('Fish&Chips', 7), ('Salmon', 4)]",656.5,-37.8119624,144.9534267,0,8.935,13.618039
ORDX04296,2021-06-06,13:04:13,Lunch,BK,"[('Salad', 4), ('Steak', 5), ('Fries', 10), ('Chicken', 2), ('Burger', 10)]",787.8,-37.8070286,144.9590202,0,7.834,13.63825458702499
ORDB01549,2021-05-02,11:53:14,Breakfast,TP,"[('Eggs', 7), ('Pancake', 6), ('Cereal', 3), ('Coffee', 8)]",384.5,-37.8079133,144.9316332,0,11.055,14.6307999
ORDC07656,2021-07-01,13:54:55,Lunch,NS,"[('Fries', 2), ('Steak', 3)]",159.0,-37.8199577,144.9684242,0,8.604,13.7596537
ORDX07991,2021-05-31,12:54:05,Lunch,BK,"[('Burger', 7), ('Chicken', 7), ('Fries', 5)]",501.0,-37.8063149,144.9420464,0,9.483,14.695068245774491
ORDK01519,2021-08-14,15:26:11,Lunch,BK,"[('Salad', 3), ('Fries', 5), ('Burger', 3), ('Chicken', 8), ('Steak', 6)]",730.6,-37.8192146,144.954247,0,8.698,14.191976237212721
ORDC06565,2021-05-27,12:43:56,Lunch,NS,"[('Steak', 6), ('Salad', 4)]",338.8,-37.815741,144.9540612,0,8.753,14.227224721889025
ORDY08233,2021-04-24,11:43:05,Breakfast,TP,"[('Pancake', 3), ('Coffee', 3), ('Cereal', 1), ('Eggs', 9)]",292.25,-37.8142051,144.950205,0,10.217,15.165475295818236
ORDK10369,2021-11-20,18:38:52,Dinner,BK,"[('Salmon', 4), ('Shrimp', 1)]",218.0,-37.8116581,145.0045714,0,3.8,13.2364933
ORDC08114,2021-08-02,15:05:54,Lunch,NS,"[('Fries', 7), ('Salad', 6), ('Steak', 10), ('Chicken', 7)]",861.2,-37.7993843,144.925888,0,10.271,15.9202544
ORDY10321,2021-08-11,15:16:03,Lunch,TP,"[('Fries', 7), ('Burger', 2)]",146.0,-37.8093125,144.9581717,0,8.879,12.4902601
ORDI01369,2021-08-28,15:56:37,Lunch,NS,"[('Chicken', 3), ('Fries', 10), ('Burger', 8), ('Salad', 6), ('Steak', 9)]",972.2,-37.8121675,144.9553308,0,8.217,13.88371221667997
ORDB06186,2021-04-08,11:12:40,Breakfast,TP,"[('Pancake', 4), ('Coffee', 4), ('Eggs', 8)]",279.0,-37.7983664,145.0014642,0,12.654,14.9729026
ORDA05122,2021-02-09,09:10:59,Breakfast,BK,"[('Coffee', 4), ('Eggs', 3), ('Cereal', 10)]",285.0,-37.8183898,144.9899176,0,5.752,10.0589565
ORDA01342,2021-07-10,14:15:12,Lunch,BK,"[('Burger', 3), ('Steak', 7)]",408.0,-37.8159987,144.938331,0,9.948,18.5519119
ORDJ10438,2021-01-14,08:20:16,Breakfast,TP,"[('Cereal', 5), ('Eggs', 9), ('Coffee', 6), ('Pancake', 2)]",366.5,-37.8217001,144.9629449,1,7.409,5.0897587
ORDC05567,2021-07-23,14:45:38,Lunch,NS,"[('Steak', 8), ('Chicken', 3), ('Salad', 4), ('Burger', 3), ('Fries', 1)]",629.8,-37.8201764,144.9578324,0,9.16,14.6454552
ORDZ03384,2021-03-15,10:21:58,Breakfast,NS,"[('Cereal', 10), ('Eggs', 9), ('Pancake', 3), ('Coffee', 10)]",510.75,-37.800384,144.9799401,0,7.082,12.0174146
ORDB05411,2021-09-05,16:06:45,Dinner,TP,"[('Salmon', 2), ('Shrimp', 10)]",622.0,-37.7998978,144.990086,0,11.169,16.7208549
ORDJ01476,2021-10-01,16:57:27,Dinner,TP,"[('Shrimp', 6), ('Salmon', 8)]",652.0,-37.8057987,144.948245,0,9.75,14.86618361683945
ORDK06712,2021-12-04,19:09:17,Dinner,BK,"[('Shrimp', 9), ('Salmon', 9)]",855.0,-37.8179018,144.9578568,0,8.35,17.6301057
ORDX05143,2021-09-21,16:37:10,Dinner,BK,"[('Shrimp', 6), ('Fish&Chips', 10)]",674.0,-37.8148815,144.964664,0,7.729,14.6249425
ORDK00828,2021-10-20,17:38:01,Dinner,BK,"[('Fish&Chips', 10), ('Salmon', 1), ('Pasta', 2), ('Shrimp', 3)]",608.0,-37.8090325,144.9838615,0,5.573,12.5004384
ORDK04225,2021-11-30,18:59:09,Dinner,BK,"[('Salmon', 4), ('Fish&Chips', 3)]",269.0,-37.8254365,144.9358968,0,10.696,18.1436315
ORDC02705,2021-04-07,11:12:40,Breakfast,NS,"[('Coffee', 8), ('Pancake', 1)]",66.25,-37.8195201,144.9435127,0,9.826,14.4119006
ORDY00431,2021-09-20,16:37:10,Dinner,TP,"[('Shrimp', 4), ('Fish&Chips', 10)]",566.0,-37.8064761,144.9322171,0,11.0,15.667285541300867
ORDY09887,2021-12-09,19:19:26,Dinner,TP,"[('Fish&Chips', 9), ('Salmon', 1), ('Pasta', 10)]",631.0,-37.8134705,144.9657344,0,8.216,12.8344813
ORDY05819,2021-04-15,11:22:49,Breakfast,TP,"[('Pancake', 6), ('Cereal', 8)]",293.5,-37.8185217,144.9830396,0,9.01,11.2227726
ORDY09698,2021-10-22,17:48:10,Dinner,TP,"[('Salmon', 8), ('Pasta', 9), ('Shrimp', 8)]",1007.5,-37.8063106,144.9824031,0,9.961,13.6515414
ORDY03244,2021-10-28,17:58:18,Dinner,TP,"[('Pasta', 1), ('Salmon', 9), ('Shrimp', 4)]",612.5,-37.8027335,144.9632425,0,9.525,13.6465515
ORDZ04982,2021-12-10,19:19:26,Dinner,NS,"[('Salmon', 6), ('Pasta', 7), ('Fish&Chips', 10), ('Shrimp', 4)]",1004.5,-37.8075459,144.9627241,0,7.387,13.5271735
ORDK07413,2021-08-28,15:56:37,Lunch,BK,"[('Salad', 8), ('Steak', 6), ('Chicken', 8)]",663.6,-37.8111449,144.9784763,0,6.197,14.8019634
ORDJ03840,2021-07-27,14:55:46,Lunch,TP,"[('Steak', 3), ('Fries', 5)]",195.0,-37.8019999,144.9636398,0,9.526,14.722626151975964
ORDK10441,2021-09-25,16:47:19,Dinner,BK,"[('Salmon', 4), ('Shrimp', 4), ('Pasta', 9)]",627.5,-37.800831,144.9285143,0,13.013,22.3075822
ORDZ07037,2021-04-29,11:53:14,Breakfast,NS,"[('Eggs', 3), ('Coffee', 5), ('Cereal', 10), ('Pancake', 6)]",424.0,-37.804736,144.9238514,0,10.892,15.5337837
ORDZ10845,2021-03-29,10:52:23,Breakfast,NS,"[('Eggs', 1), ('Cereal', 3)]",81.0,-37.8231494,145.0024724,0,10.81,15.8553135
ORDA03344,2021-06-24,13:44:47,Lunch,BK,"[('Fries', 6), ('Chicken', 8)]",328.0,-37.8017388,144.9574225,0,8.192,13.8472645
ORDK08263,2021-10-25,17:48:10,Dinner,BK,"[('Salmon', 3), ('Pasta', 5), ('Shrimp', 3), ('Fish&Chips', 4)]",562.5,-37.8209326,144.9987362,0,5.162,12.0866312
ORDJ10346,2021-04-18,11:32:57,Breakfast,TP,"[('Eggs', 5), ('Pancake', 1), ('Cereal', 4)]",207.25,-37.8190709,144.9792016,0,8.832,12.7220901
ORDI05763,2021-10-16,17:27:53,Dinner,NS,"[('Salmon', 4), ('Shrimp', 10)]",704.0,-37.8188545,144.9526537,0,9.392,14.6367480256737
ORDY06775,2021-09-02,16:06:45,Dinner,TP,"[('Pasta', 2), ('Shrimp', 5)]",325.0,-37.8149205,144.9447554,0,9.596,14.767487859745803
ORDJ07818,2021-11-27,18:59:09,Dinner,TP,"[('Shrimp', 1), ('Salmon', 2), ('Pasta', 7), ('Fish&Chips', 3)]",433.5,-37.8164845,145.0042899,0,11.166,16.424124
ORDC11047,2021-08-25,15:46:28,Lunch,NS,"[('Fries', 7), ('Burger', 8)]",332.0,-37.8116832,145.0120881,0,10.51,16.09122
ORDK08947,2021-02-25,09:41:24,Breakfast,BK,"[('Eggs', 5), ('Cereal', 6)]",225.0,-37.8155278,144.951093,0,8.879,13.9363146
ORDX08491,2021-10-12,17:27:53,Dinner,BK,"[('Shrimp', 7), ('Salmon', 6)]",624.0,-37.8201996,144.9601631,0,8.179,13.859358718176342
ORDA07594,2021-01-03,08:00:00,Breakfast,BK,"[('Cereal', 8), ('Eggs', 6)]",286.0,-37.8110569,144.9503794,1,8.739,8.1043481
ORDX05833,2021-04-05,11:02:32,Breakfast,BK,"[('Pancake', 3), ('Eggs', 2), ('Cereal', 5)]",208.75,-37.8027747,145.012641,0,4.418,8.8137267
ORDX04488,2021-03-06,10:01:41,Breakfast,BK,"[('Pancake', 10), ('Coffee', 3), ('Eggs', 7)]",386.0,-37.8097435,144.9620139,0,7.668,14.90742
ORDI10201,2021-07-06,14:05:04,Lunch,NS,"[('Burger', 5), ('Steak', 3)]",290.0,-37.8120556,144.9417989,0,9.44,14.667510339573019
ORDK08244,2021-03-30,10:52:23,Breakfast,BK,"[('Cereal', 7), ('Pancake', 1)]",162.25,-37.8248132,144.9490652,0,9.42,14.604061
ORDC00089,2021-03-25,10:42:15,Breakfast,NS,"[('Eggs', 5), ('Coffee', 4), ('Cereal', 8)]",287.0,-37.8214441,144.9635867,0,9.039,14.6578509
ORDX07324,2021-01-11,08:20:16,Breakfast,BK,"[('Pancake', 6), ('Cereal', 7)]",273.5,-37.8185796,144.9533313,1,10.418,7.8813856
ORDK09605,2021-01-07,08:10:08,Breakfast,BK,"[('Pancake', 10), ('Cereal', 4), ('Eggs', 6)]",428.5,-37.8108425,144.9388903,1,9.829,7.6667939
ORDI09360,2021-04-26,11:43:05,Breakfast,NS,"[('Eggs', 6), ('Coffee', 3)]",142.5,-37.8056758,144.9318674,0,10.222,15.4105761
ORDI01674,2021-12-08,19:19:26,Dinner,NS,"[('Fish&Chips', 6), ('Salmon', 3), ('Pasta', 8)]",553.0,-37.818168,144.9651264,0,8.503,14.7732181
ORDB04502,2021-11-29,18:59:09,Dinner,TP,"[('Salmon', 6), ('Fish&Chips', 10)]",596.0,-37.8245126,144.9821901,0,8.873,12.5545003
ORDX01654,2021-09-14,16:27:02,Dinner,BK,"[('Salmon', 4), ('Fish&Chips', 4)]",304.0,-37.8249054,144.9919171,0,6.778,12.9777151
ORDX05895,2021-12-08,19:19:26,Dinner,BK,"[('Pasta', 6), ('Salmon', 1), ('Shrimp', 1)]",260.0,-37.8204493,144.9566883,0,8.44,15.7588468
ORDJ11106,2021-10-02,17:07:36,Dinner,TP,"[('Pasta', 5), ('Fish&Chips', 3)]",242.5,-37.8089712,144.9492046,0,9.526,14.8792716
ORDA01346,2021-04-14,11:22:49,Breakfast,BK,"[('Pancake', 4), ('Cereal', 10), ('Eggs', 2)]",331.0,-37.8260845,144.9845062,0,7.377,13.345371723441897
ORDJ10820,2021-07-09,14:15:12,Lunch,TP,"[('Steak', 7), ('Salad', 6), ('Chicken', 10), ('Burger', 4), ('Fries', 10)]",982.2,-37.813666,144.9400208,0,10.134,15.112282128033996
ORDI06620,2021-05-30,12:54:05,Lunch,NS,"[('Chicken', 6), ('Steak', 1), ('Fries', 8)]",333.0,-37.8052662,144.936819,0,9.696,17.1624608
ORDC02106,2021-07-17,14:25:21,Lunch,NS,"[('Salad', 3), ('Fries', 10)]",171.6,-37.8152153,144.9749471,0,7.898,15.3242181
ORDJ06270,2021-11-13,18:28:43,Dinner,TP,"[('Shrimp', 5), ('Salmon', 5), ('Fish&Chips', 7)]",720.0,-37.7996802,144.9373507,0,11.684,16.813296
ORDJ10862,2021-11-07,18:18:35,Dinner,TP,"[('Pasta', 5), ('Fish&Chips', 10), ('Shrimp', 8), ('Salmon', 3)]",1042.5,-37.8187257,144.9535504,0,8.494,14.2804209
ORDI05767,2021-04-05,11:02:32,Breakfast,NS,"[('Pancake', 3), ('Cereal', 2), ('Eggs', 8)]",274.75,-37.8029019,145.0098722,0,9.903,14.9737049
ORDY07706,2021-06-04,13:04:13,Lunch,TP,"[('Steak', 2), ('Salad', 9), ('Fries', 1)]",256.8,-37.8144187,144.9353546,0,10.642,13.4763076
ORDK10713,2021-11-12,18:28:43,Dinner,BK,"[('Pasta', 9), ('Salmon', 8)]",575.5,-37.801566,144.9386085,0,11.323,18.7030496
ORDY07071,2021-01-31,09:00:50,Breakfast,TP,"[('Eggs', 6), ('Cereal', 6)]",246.0,-37.7989222,144.977281,0,10.282,14.5788468
ORDB00810,2021-11-14,18:28:43,Dinner,TP,"[('Salmon', 5), ('Shrimp', 2), ('Fish&Chips', 10)]",663.0,-37.7997859,144.9348862,0,13.685,18.5911111
ORDY01557,2021-04-02,11:02:32,Breakfast,TP,"[('Cereal', 1), ('Pancake', 9)]",220.25,-37.8024937,145.0144011,0,12.923,16.89970074189231
ORDA10427,2021-04-16,11:22:49,Breakfast,BK,"[('Pancake', 1), ('Eggs', 8), ('Coffee', 9)]",239.75,-37.8263373,144.9956165,0,7.133,13.188996627787027
ORDZ04519,2021-07-02,14:05:04,Lunch,NS,"[('Steak', 8), ('Fries', 6), ('Salad', 2), ('Chicken', 6), ('Burger', 4)]",782.4,-37.8220691,144.969616,0,8.841,14.4935182
ORDJ09160,2021-11-01,18:08:27,Dinner,TP,"[('Shrimp', 1), ('Pasta', 6), ('Fish&Chips', 3)]",324.0,-37.8108968,144.9668054,0,8.624,12.8729395
ORDK03361,2021-03-03,10:01:41,Breakfast,BK,"[('Eggs', 7), ('Pancake', 9), ('Cereal', 4), ('Coffee', 2)]",438.25,-37.8152689,144.9328059,0,10.923,16.1105024
ORDC10345,2021-08-22,15:36:20,Lunch,NS,"[('Salad', 5), ('Chicken', 2), ('Steak', 5), ('Fries', 7)]",459.0,-37.8103078,144.9613409,0,7.647,14.6875241
ORDA07812,2021-02-21,09:41:24,Breakfast,BK,"[('Cereal', 4), ('Eggs', 3)]",143.0,-37.7964641,145.0091307,0,5.377,12.2251883
ORDK00048,2021-06-24,13:44:47,Lunch,BK,"[('Burger', 6), ('Chicken', 5)]",346.0,-37.8038829,144.9584513,0,7.933,13.7188545
ORDB05174,2021-12-30,20:00:00,Dinner,TP,"[('Salmon', 8), ('Pasta', 6), ('Fish&Chips', 3)]",598.0,-37.8189618,144.9818293,0,8.877,14.306694032795598
ORDZ02809,2021-07-03,14:05:04,Lunch,NS,"[('Burger', 7), ('Salad', 10), ('Steak', 4)]",569.0,-37.8237966,144.9684956,0,9.136,16.5067784
ORDJ02188,2021-07-12,14:25:21,Lunch,TP,"[('Salad', 5), ('Burger', 2), ('Steak', 6), ('Chicken', 10), ('Fries', 10)]",858.0,-37.800966,144.9870509,0,10.752,13.5931319
ORDJ09743,2021-03-28,10:52:23,Breakfast,TP,"[('Cereal', 2), ('Coffee', 7), ('Pancake', 4)]",167.5,-37.8125335,144.9376384,0,10.425,14.9077287
ORDY01127,2021-03-24,10:42:15,Breakfast,TP,"[('Pancake', 2), ('Coffee', 4), ('Eggs', 9), ('Cereal', 3)]",315.5,-37.8103955,144.9556369,0,8.827,12.0285399
ORDI04887,2021-08-18,15:36:20,Lunch,NS,"[('Chicken', 1), ('Salad', 1)]",49.2,-37.8155186,144.9665599,0,8.086,13.799756734996413
ORDK04955,2021-04-17,11:32:57,Breakfast,BK,"[('Eggs', 10), ('Cereal', 8), ('Pancake', 1), ('Coffee', 5)]",419.75,-37.8230641,144.9858623,0,6.602,14.3038119
ORDX01234,2021-11-14,18:28:43,Dinner,BK,"[('Pasta', 10), ('Shrimp', 8), ('Salmon', 10), ('Fish&Chips', 2)]",1187.0,-37.8001569,144.9353663,0,12.202,21.6877115
ORDB08853,2021-03-18,10:32:06,Breakfast,TP,"[('Cereal', 10), ('Coffee', 1)]",205.5,-37.8163229,145.0110807,0,11.829,13.9017028
ORDX00355,2021-05-09,12:13:31,Lunch,BK,"[('Salad', 9), ('Steak', 5), ('Chicken', 8), ('Burger', 4), ('Fries', 2)]",783.8,-37.8237,144.9563143,0,8.727,17.3519669
ORDI10506,2021-02-18,09:31:16,Breakfast,NS,"[('Eggs', 10), ('Pancake', 2), ('Cereal', 7), ('Coffee', 7)]",433.0,-37.8099203,144.9784012,0,7.716,13.562630565355834
ORDB03487,2021-06-24,13:44:47,Lunch,TP,"[('Fries', 3), ('Chicken', 10)]",356.0,-37.8038711,144.9583191,0,9.266,12.2914833
ORDK02611,2021-05-15,12:23:39,Lunch,BK,"[('Steak', 10), ('Chicken', 6), ('Salad', 6)]",745.2,-37.7998144,144.9809354,0,6.76,15.4469725
ORDC01607,2021-01-14,08:20:16,Breakfast,NS,"[('Coffee', 3), ('Cereal', 6)]",136.5,-37.8253057,144.9571467,1,9.709,7.3943164
ORDC01648,2021-08-15,15:26:11,Lunch,NS,"[('Salad', 9), ('Fries', 4)]",202.8,-37.8037236,145.010641,0,10.215,15.164193532739096
ORDX07402,2021-09-24,16:47:19,Dinner,BK,"[('Shrimp', 4), ('Pasta', 7)]",408.5,-37.8114235,144.9760123,0,6.545,12.8558124
ORDJ08232,2021-06-16,13:24:30,Lunch,TP,"[('Steak', 6), ('Chicken', 2), ('Fries', 10), ('Burger', 5)]",609.0,-37.8059472,144.9473133,0,9.843,13.5968091
ORDY02339,2021-05-12,12:13:31,Lunch,TP,"[('Burger', 7), ('Salad', 7), ('Steak', 2), ('Fries', 5)]",487.4,-37.8195302,144.9637571,0,7.496,11.5917279
ORDC04506,2021-10-06,17:07:36,Dinner,NS,"[('Salmon', 7), ('Fish&Chips', 5)]",462.0,-37.8238772,144.981668,0,9.35,15.1956177
ORDA01325,2021-12-01,19:09:17,Dinner,BK,"[('Fish&Chips', 1), ('Salmon', 10)]",445.0,-37.8041703,144.9676175,0,7.368,14.0539474
ORDC06671,2021-01-12,08:20:16,Breakfast,NS,"[('Eggs', 4), ('Coffee', 7), ('Cereal', 7), ('Pancake', 2)]",307.0,-37.8127594,144.9428102,1,9.329,6.721027
ORDC02329,2021-07-15,14:25:21,Lunch,NS,"[('Burger', 5), ('Steak', 6)]",425.0,-37.8157682,144.9801777,0,8.34,13.8301928
ORDA00096,2021-09-11,16:16:54,Dinner,BK,"[('Shrimp', 8), ('Fish&Chips', 7)]",677.0,-37.8049059,144.9937676,0,5.315,14.8900843
ORDK08916,2021-01-17,08:30:25,Breakfast,BK,"[('Pancake', 2), ('Cereal', 1), ('Eggs', 1), ('Coffee', 7)]",124.0,-37.8019899,145.0010285,1,5.282,6.6101013
ORDZ09425,2021-03-02,09:51:32,Breakfast,NS,"[('Cereal', 8), ('Eggs', 1), ('Pancake', 9)]",381.25,-37.8243775,144.9824891,0,9.319,14.2632669
ORDZ00482,2021-10-28,17:58:18,Dinner,NS,"[('Salmon', 7), ('Pasta', 1)]",314.5,-37.801983,144.9635371,0,6.894,12.8545018
ORDI04569,2021-03-20,10:32:06,Breakfast,NS,"[('Cereal', 1), ('Coffee', 2)]",31.0,-37.8085213,144.9280532,0,10.591,17.4324945
ORDA04997,2021-12-27,20:00:00,Dinner,BK,"[('Salmon', 5), ('Fish&Chips', 3), ('Pasta', 6)]",475.0,-37.8205124,144.9526916,0,8.975,15.4981586
ORDZ08810,2021-08-02,15:05:54,Lunch,NS,"[('Fries', 2), ('Burger', 10), ('Steak', 8)]",694.0,-37.8003149,144.9440199,0,8.569,14.0221743
ORDC05210,2021-01-03,08:00:00,Breakfast,NS,"[('Pancake', 9), ('Cereal', 7), ('Eggs', 4)]",424.25,-37.8162232,144.9949785,1,9.634,8.6316463
ORDZ04904,2021-08-14,15:26:11,Lunch,NS,"[('Chicken', 1), ('Burger', 7), ('Fries', 6), ('Steak', 7)]",636.0,-37.8170198,144.9533067,0,8.95,17.0006096
ORDZ10264,2021-04-10,11:12:40,Breakfast,NS,"[('Coffee', 9), ('Cereal', 1)]",69.5,-37.8193867,144.9839013,0,9.119,14.461787365371327
ORDC03188,2021-05-05,12:03:22,Lunch,NS,"[('Steak', 8), ('Fries', 2), ('Chicken', 1)]",416.0,-37.8072363,144.9591141,0,7.75,13.584420537701185
ORDK01406,2021-07-24,14:45:38,Lunch,BK,"[('Steak', 7), ('Chicken', 7), ('Burger', 4)]",663.0,-37.8208956,144.9560135,0,8.515,17.0503064
ORDX07112,2021-12-15,19:29:34,Dinner,BK,"[('Shrimp', 7), ('Pasta', 2), ('Salmon', 10)]",843.0,-37.8157138,144.973834,0,6.85,14.0747049
ORDX05384,2021-06-11,13:14:21,Lunch,BK,"[('Burger', 4), ('Steak', 9), ('Fries', 5), ('Salad', 6), ('Chicken', 2)]",756.2,-37.8254532,144.9827618,0,7.054,12.6489474
ORDC11040,2021-03-16,10:21:58,Breakfast,NS,"[('Cereal', 1), ('Pancake', 2), ('Coffee', 4), ('Eggs', 2)]",128.5,-37.8015178,144.960204,0,7.14,12.1772345
ORDA03215,2021-12-29,20:00:00,Dinner,BK,"[('Salmon', 2), ('Fish&Chips', 1), ('Shrimp', 3)]",279.0,-37.812071,145.0156606,0,4.465,11.47912468021658
ORDJ08807,2021-09-29,16:57:27,Dinner,TP,"[('Fish&Chips', 2), ('Pasta', 3), ('Shrimp', 8), ('Salmon', 2)]",666.5,-37.8047691,144.9621699,0,9.253,13.9510169
ORDJ04191,2021-03-09,10:11:49,Breakfast,TP,"[('Pancake', 7), ('Eggs', 5), ('Coffee', 9), ('Cereal', 4)]",390.25,-37.8228554,144.9897726,0,9.396,11.7008336
ORDJ07238,2021-02-07,09:10:59,Breakfast,TP,"[('Cereal', 1), ('Coffee', 7), ('Pancake', 7), ('Eggs', 3)]",277.25,-37.811841,145.0027823,0,11.178,15.0269986
ORDB03356,2021-08-07,15:16:03,Lunch,TP,"[('Chicken', 3), ('Salad', 1), ('Steak', 7)]",428.2,-37.8066144,144.9614616,0,9.004,13.9870572
ORDA10929,2021-02-16,09:31:16,Breakfast,BK,"[('Cereal', 10), ('Coffee', 4), ('Eggs', 10)]",432.0,-37.8273271,145.0130019,0,5.252,10.0212158
ORDC06878,2021-07-19,14:35:29,Lunch,NS,"[('Burger', 7), ('Steak', 10), ('Fries', 4), ('Salad', 8), ('Chicken', 7)]",1076.6,-37.818575,145.0052604,0,10.61,16.1792975
ORDY04444,2021-01-28,08:50:42,Breakfast,TP,"[('Eggs', 3), ('Cereal', 8), ('Pancake', 7)]",378.75,-37.8011713,145.0045171,0,12.229,15.1831497
ORDI00483,2021-12-11,19:19:26,Dinner,NS,"[('Fish&Chips', 2), ('Pasta', 2), ('Salmon', 2)]",207.0,-37.8123649,144.9544336,0,8.3,13.936905384464207
ORDK02045,2021-03-08,10:11:49,Breakfast,BK,"[('Cereal', 7), ('Eggs', 2)]",182.0,-37.8197075,145.0036809,0,4.617,9.2951682
ORDB09571,2021-04-02,11:02:32,Breakfast,TP,"[('Coffee', 10), ('Pancake', 3)]",121.75,-37.7993751,145.0108819,0,12.803,15.1515687
ORDB02795,2021-06-08,13:14:21,Lunch,TP,"[('Fries', 8), ('Burger', 7), ('Chicken', 6)]",505.0,-37.8173802,144.9488957,0,9.082,12.0735437
ORDI10909,2021-11-30,18:59:09,Dinner,NS,"[('Fish&Chips', 8), ('Shrimp', 2), ('Salmon', 5)]",593.0,-37.8114087,144.9749462,0,7.679,13.6482415
ORDK03483,2021-03-21,10:32:06,Breakfast,BK,"[('Pancake', 2), ('Eggs', 5), ('Cereal', 3), ('Coffee', 2)]",220.5,-37.8110683,144.9266942,0,11.089,18.5489953
ORDC04363,2021-08-22,15:46:28,Lunch,NS,"[('Steak', 1), ('Burger', 5), ('Chicken', 10)]",520.0,-37.8038661,144.9641243,0,6.97,14.7648191
ORDK01174,2021-09-20,16:37:10,Dinner,BK,"[('Shrimp', 9), ('Pasta', 1)]",513.5,-37.8063969,144.9322957,0,10.366,17.2901883
ORDX08693,2021-10-27,17:58:18,Dinner,BK,"[('Salmon', 5), ('Shrimp', 6), ('Fish&Chips', 4)]",669.0,-37.8012218,144.963274,0,7.946,14.8780271
ORDB08308,2021-09-05,16:06:45,Dinner,TP,"[('Salmon', 10), ('Pasta', 1), ('Shrimp', 9)]",923.5,-37.799822,144.9620769,0,9.8,15.198414
ORDZ01626,2021-06-15,13:24:30,Lunch,NS,"[('Salad', 6), ('Steak', 9)]",508.2,-37.8212573,144.9424304,0,10.202,15.8779079
ORDK08526,2021-09-11,16:27:02,Dinner,BK,"[('Fish&Chips', 1), ('Salmon', 6)]",281.0,-37.826438,144.9519378,0,9.276,19.1306017
ORDC05175,2021-03-05,10:01:41,Breakfast,NS,"[('Coffee', 5), ('Pancake', 8), ('Cereal', 3), ('Eggs', 5)]",370.5,-37.8031229,144.9616008,0,7.165,13.209504837053242
ORDX02323,2021-10-25,17:48:10,Dinner,BK,"[('Salmon', 4), ('Shrimp', 10), ('Fish&Chips', 5)]",879.0,-37.8243651,144.9981714,0,5.544,12.2170507
ORDB01768,2021-12-17,19:39:43,Dinner,TP,"[('Salmon', 4), ('Shrimp', 8), ('Pasta', 10)]",871.0,-37.8092035,144.9731432,0,9.104,14.45217414227779
ORDY08049,2021-06-13,13:24:30,Lunch,TP,"[('Salad', 3), ('Steak', 9), ('Burger', 1)]",487.6,-37.8258817,144.9828579,0,8.886,14.312461966651718
ORDA08438,2021-12-11,19:29:34,Dinner,BK,"[('Salmon', 5), ('Shrimp', 7)]",583.0,-37.8130551,144.9513661,0,8.564,17.9142544
ORDA09178,2021-07-19,14:35:29,Lunch,BK,"[('Salad', 4), ('Fries', 5), ('Burger', 3), ('Chicken', 7)]",445.8,-37.818311,145.0043774,0,4.458,10.0577768
ORDA06739,2021-02-08,09:10:59,Breakfast,BK,"[('Cereal', 1), ('Pancake', 4), ('Eggs', 4), ('Coffee', 8)]",237.0,-37.8134238,144.9926565,0,5.112,9.9631683
ORDX01267,2021-05-28,12:54:05,Lunch,BK,"[('Burger', 5), ('Chicken', 10)]",475.0,-37.8204409,144.9662789,0,7.957,13.717083016391994
ORDX09339,2021-05-21,12:33:48,Lunch,BK,"[('Chicken', 9), ('Burger', 4), ('Fries', 8), ('Salad', 8)]",645.6,-37.8134372,144.937569,0,9.954,14.996923450911552
ORDI00828,2021-04-29,11:53:14,Breakfast,NS,"[('Coffee', 10), ('Cereal', 10), ('Eggs', 8)]",423.0,-37.8048043,144.9244857,0,10.837,15.562821850351098
ORDC05763,2021-08-23,15:46:28,Lunch,NS,"[('Steak', 8), ('Burger', 10)]",670.0,-37.8012858,144.9457072,0,8.491,14.3789086
ORDZ02220,2021-09-08,16:16:54,Dinner,NS,"[('Pasta', 4), ('Salmon', 8), ('Shrimp', 2), ('Fish&Chips', 9)]",861.0,-37.8073131,144.959212,0,7.691,13.5973439
ORDY06766,2021-02-10,09:21:07,Breakfast,TP,"[('Cereal', 7), ('Eggs', 2), ('Coffee', 2)]",193.0,-37.8093802,145.0025535,0,11.398,13.949737
ORDB05736,2021-03-20,10:32:06,Breakfast,TP,"[('Pancake', 3), ('Cereal', 6)]",186.75,-37.8070036,144.9695876,0,9.262,13.4746098
ORDK04416,2021-04-27,11:53:14,Breakfast,BK,"[('Pancake', 4), ('Eggs', 10)]",299.0,-37.8148596,144.9235134,0,11.931,16.7053883
ORDB04079,2021-04-01,10:52:23,Breakfast,TP,"[('Eggs', 5), ('Pancake', 2)]",149.5,-37.8049169,144.966908,0,9.38,11.4426833
ORDB08955,2021-12-02,19:09:17,Dinner,TP,"[('Fish&Chips', 7), ('Salmon', 10)]",655.0,-37.8237902,144.9257059,0,10.884,14.7548055
ORDA05855,2021-07-24,14:45:38,Lunch,BK,"[('Salad', 6), ('Burger', 3), ('Fries', 3)]",232.2,-37.820997,144.9551426,0,8.581,16.9986263
ORDY00458,2021-11-26,18:59:09,Dinner,TP,"[('Fish&Chips', 2), ('Shrimp', 2), ('Salmon', 2)]",260.0,-37.818875,144.9567832,0,8.127,12.2836699
ORDY10904,2021-06-18,13:34:38,Lunch,TP,"[('Chicken', 10), ('Burger', 2)]",382.0,-37.8043011,144.9717177,0,9.8,13.019982
ORDA04799,2021-03-05,10:01:41,Breakfast,BK,"[('Eggs', 1), ('Coffee', 3), ('Pancake', 8), ('Cereal', 7)]",355.5,-37.8059163,144.9615974,0,7.628,13.0086175
ORDB10873,2021-05-06,12:03:22,Lunch,TP,"[('Fries', 4), ('Salad', 9), ('Chicken', 6), ('Burger', 7), ('Steak', 8)]",971.8,-37.8201951,144.9578413,0,7.923,11.5046454
ORDY08637,2021-01-15,08:20:16,Breakfast,TP,"[('Eggs', 3), ('Cereal', 8)]",223.0,-37.79602,145.0010543,1,12.511,8.988582703995394
ORDI07583,2021-09-24,16:47:19,Dinner,NS,"[('Pasta', 2), ('Shrimp', 9), ('Salmon', 7)]",828.0,-37.8123576,144.9725163,0,7.615,13.412536
ORDC03016,2021-12-19,19:39:43,Dinner,NS,"[('Pasta', 2), ('Shrimp', 8), ('Fish&Chips', 5)]",662.0,-37.8154071,144.9587186,0,8.459,16.5572644
ORDK01822,2021-11-19,18:38:52,Dinner,BK,"[('Salmon', 4), ('Fish&Chips', 1), ('Pasta', 6)]",364.0,-37.8115747,144.9529382,0,8.431,14.020860866147764
ORDB06889,2021-06-07,13:14:21,Lunch,TP,"[('Steak', 8), ('Burger', 9), ('Chicken', 1)]",671.0,-37.80732,144.9582249,0,9.043,14.413080368364072
ORDI10188,2021-11-25,18:49:00,Dinner,NS,"[('Salmon', 1), ('Pasta', 2), ('Fish&Chips', 6), ('Shrimp', 7)]",684.0,-37.8222308,144.9782323,0,8.9,14.886236
ORDC06561,2021-02-03,09:00:50,Breakfast,NS,"[('Coffee', 1), ('Cereal', 3), ('Pancake', 7), ('Eggs', 4)]",305.25,-37.7990528,144.9727542,0,6.376,10.8697408
ORDK03570,2021-01-27,08:50:42,Breakfast,BK,"[('Pancake', 9), ('Cereal', 7), ('Eggs', 10)]",550.25,-37.8124455,145.0151244,0,4.495,8.9102053
ORDJ06077,2021-12-05,19:09:17,Dinner,TP,"[('Shrimp', 7), ('Salmon', 6)]",624.0,-37.8210396,144.9552382,0,8.164,14.5101347
ORDC02430,2021-05-26,12:43:56,Lunch,NS,"[('Salad', 2), ('Chicken', 10), ('Steak', 8), ('Burger', 9)]",993.4,-37.8106148,144.9830645,0,8.13,13.526133
ORDC01145,2021-11-18,18:38:52,Dinner,NS,"[('Shrimp', 6), ('Fish&Chips', 4)]",464.0,-37.8125142,144.9525304,0,8.562,14.7014375
ORDX06543,2021-02-15,09:31:16,Breakfast,BK,"[('Cereal', 1), ('Eggs', 10)]",230.0,-37.8211643,145.0140761,0,4.582,9.8441979
ORDX03627,2021-05-20,12:33:48,Lunch,BK,"[('Fries', 7), ('Burger', 10), ('Chicken', 3), ('Steak', 4), ('Salad', 4)]",738.8,-37.8118829,144.9369457,0,10.256,16.4756138
